名称（研发填写，产品重点校对，中文）,英文名称,平台界面是否显示,参数设置项,描述(备注/解释语，中文),英文描述(备注/解释语), 分组KEY,中文分组名称,英文分组名称,硬件版本,固件版本,型号,表格备注（非字段）,特殊解析 (变长协议等),下发是否响应,IPSO响应通道,IPSO通道,IPSO类型,IPSO起始字节,IPSO结束字节,IPSO起始bit,IPSO结束bit,"IPSO数据
类型",IPSO解析辅助字段类型,IPSO解析映射,IPSO固定值,异常值,"元素类型
（数组内元素类型）",枚举（产品校对文案）,英文枚举,默认值,自定义默认值,"最小值
(number)","最大值
(number)",设备限制范围,"精度
(有效小数位)",系数,单位名称（英文缩写）,"大小端
（string默认大端，其余默认小端）",输入长度限制（string）,字符编码（string）,类型,"读写
类型",事件类型,服务类型,IPSO标识,物模型版本,物模型属性标识,物模型数据类型,"长度下限
(string)","长度上限
(string)","数组长度
(最大)",关联项(物模型属性标识),输入参数（服务）,输出参数（事件&服务）,"必填
(入参)",云生态备注,忽略该行,平台自定义
序号校验,Sequence Number Check,否,,,,,,,,,,,是,,,0xFF,,0,1,,,struct,,,,,,,,,,,,,,,,,,,服务,只写,,异步,,,request_check_sequence_number,struct,,,,,,,,,1,TRUE
序号,Sequence Number,否,,,,,,,,,,,是,,,0xFF,,0,1,,,uint8,,,,,,,,0,,0,255,,,,,,,,参数,只写,,,,,request_check_sequence_number.sequence_number,int,,,,,,,,,1,TRUE
序号校验应答,Sequence Number Check Response,否,,,,,,,,,,,是,,,0xFF,,0,1,,,struct,,,,,,,,,,,,,,,,,,,事件,只读,error,,,,check_sequence_number_reply,struct,,,,,,,,,1,TRUE
序号,Sequence Number,否,,,,,,,,,,,是,,,0xFF,,0,1,,,uint8,,,,,,,,0,,0,255,,,,,,,,参数,只读,,,,,check_sequence_number_reply.sequence_number,int,,,,,,,,,1,TRUE
顺序校验,Order Check,否,,,,,,,,,,,是,,,0xFE,,0,1,,,struct,,,,,,,,,,,,,,,,,,,服务,只写,,异步,,,request_check_order,struct,,,,,,,,,1,TRUE
顺序,Order,否,,,,,,,,,,"0为强制更新，回绕跳过
变化小于128校验成功，错误不应答",是,,,0xFE,,0,1,,,uint8,,,,,,,,0,,0,255,,,,,,,,参数,只写,,,,,request_check_order.order,int,,,,,,,,,1,TRUE
顺序校验应答,Order Check Response,否,,,,,,,,,,,是,,,0xFE,,0,1,,,struct,,,,,,,,,,,,,,,,,,,事件,只读,error,,,,check_order_reply,struct,,,,,,,,,1,TRUE
顺序,Order,否,,,,,,,,,,,是,,,0xFE,,0,1,,,uint8,,,,,,,,0,,0,255,,,,,,,,参数,只读,,,,,check_order_reply.order,int,,,,,,,,,1,TRUE
密码校验,Password Check,否,,,,,,,,,,,是,,,0xFB,,0,6,,,struct,,,,,,,,,,,,,,,,,,,服务,只写,,异步,,,request_check_password,struct,,,,,,,,,1,FALSE
密码,Password,否,,,,,,,,,,,是,,,0xFB,,0,6,,,string,,,,,,,,123456,,,,,,,,,6,ascii,参数,只写,,,,,request_check_password.password,string,6,6,,,,,,,1,FALSE
密码校验应答,Password Check Response,否,,,,,,,,,,,是,,,0xFB,,0,1,,,struct,,,,,,,,,,,,,,,,,,,事件,只读,error,,,,check_password_reply,struct,,,,,,,,,1,FALSE
结果,Result,否,,,,,,,,,,,是,,,0xFB,,0,1,,,uint8,,,,,,"0：校验成功
1：校验错误","0：success
1：failed",0,,,,,,,,,,,参数,只读,,,,,check_password_reply.result,enum,,,,,,,,,1,FALSE
密码修改,Password Change,否,,,,,,,,,,,是,,,0xFA,,0,6,,,struct,,,,,,,,,,,,,,,,,,,服务,只写,,异步,,,request_change_password,struct,,,,,,,,,1,FALSE
密码,Password,否,,,,,,,,,,,是,,,0xFA,,0,6,,,string,,,,,,,,123456,,,,,,,,,6,ascii,参数,只写,,,,,request_change_password.new_password,string,6,6,,,,,,,1,FALSE
密码修改应答,Password Change Response,否,,,,,,,,,,,是,,,0xFA,,0,1,,,struct,,,,,,,,,,,,,,,,,,,事件,只读,error,,,,change_password_reply,struct,,,,,,,,,1,FALSE
结果,Result,否,,,,,,,,,,,是,,,0xFA,,0,1,,,uint8,,,,,,"0：修改成功
1：修改错误","0：success
1：failed",0,,,,,,,,,,,参数,只读,,,,,change_password_reply.result,enum,,,,,,,,,1,FALSE
固件升级请求,Firmware Upgrade Request,否,,,,,,,,,,,是,,,0xF7,,0,0,,,struct,,,,,,,,,,,,,,,,,,,服务,只写,,异步,,,request_firmware_upgrade,struct,,,,,,,,,1,FALSE
固件升级子命令,Firmware Upgrade Subcommand,否,,,,,,,,,,,是,,,0xF7,,0,1,,,uint8,type,upgrade_request_cmd,,,,,,,,,,,,,,,,,参数,只写,,,,,request_firmware_upgrade.command,enum,,,,,,,,,1,FALSE
固件升级请求,Firmware Upgrade Request,否,,,,,,,,,,"全量时截取.bin[12,80)",是,,,0xF7,,0,0,,,struct,impl,upgrade_request_cmd：0x00,,,,,,,,,,,,,,,,,参数,只写,,,,,request_firmware_upgrade.start_upgrade,struct,,,,,,,,,1,FALSE
固件升级请求类型,Firmware Upgrade Request Type,否,,,,,,,,,,,是,,,0xF7,,0,1,,,uint8,,,,,,"0：全量
1：差分","0：all
1：diff",0,,,,,,,,,,,参数,只写,,,,,request_firmware_upgrade.start_upgrade.type,enum,,,,,,,,,1,FALSE
固件升级请求长度,Firmware Upgrade Request Length,否,,,,,,,,,,,是,,,0xF7,,1,2,,,uint8,length,,,,,,,68,,0,255,,,,,,,,参数,只写,,,,,request_firmware_upgrade.start_upgrade.length,int,,,,,,,,,1,FALSE
固件升级请求校验数据,Firmware Upgrade Request Check Data,否,,,,,,,,,,,是,,,0xF7,,0,0,,,array,,,,,int,,,,,,,,,,,,,,参数,只写,,,,,request_firmware_upgrade.start_upgrade.check_data,array,,,65535,,,,,,1,FALSE
固件传输,Firmware Transmission,否,,,,,,,,,,固件内容，规定所有命令都需要应答机制,是,,,0xF7,,0,0,,,struct,impl,upgrade_request_cmd：0x01,,,,,,,,,,,,,,,,,参数,只写,,,,,request_firmware_upgrade.transmission,struct,,,,,,,,,1,FALSE
传输长度,Transmission Length,否,,,,,,,,,,,是,,,0xF7,,0,2,,,uint16,length,,,,,,,1024,,1,1024,,,,,,,,参数,只写,,,,,request_firmware_upgrade.transmission.length,int,,,,,,,,,1,FALSE
固件内容,Firmware Content,否,,,,,,,,,,,是,,,0xF7,,0,0,,,array,,,,,int,,,,,,,,,,,,,,参数,只写,,,,,request_firmware_upgrade.transmission.data,array,,,65535,,,,,,1,FALSE
固件升级结束,Firmware Upgrade End,否,,,,,,,,,,,是,,,0xF7,,0,0,,,struct,impl,upgrade_request_cmd：0x02,,,,,,,,,,,,,,,,,参数,只写,,,,,request_firmware_upgrade.end_upgrade,struct,,,,,,,,,1,FALSE
固件升级应答,Firmware Upgrade Response,否,,,,,,,,,,,是,,,0xF7,,0,0,,,struct,,,,,,,,,,,,,,,,,,,事件,只读,error,,,,firmware_upgrade_reply,struct,,,,,,,,,1,FALSE
固件升级应答子命令,Firmware Upgrade Response Subcommand,否,,,,,,,,,,,是,,,0xF7,,0,1,,,uint8,type,upgrade_response_cmd,,,,,,,,,,,,,,,,,参数,只读,,,,,firmware_upgrade_reply.command,enum,,,,,,,,,1,FALSE
固件升级请求应答,Firmware Upgrade Request Response,否,,,,,,,,,,,是,,,0xF7,,0,3,,,struct,impl,upgrade_response_cmd：0x00,,,,,,,,,,,,,,,,,参数,只读,,,,,firmware_upgrade_reply.start_upgrade,struct,,,,,,,,,1,FALSE
固件升级请求应答,Firmware Upgrade Request Response,否,,,,,,,,,,,是,,,0xF7,,0,1,,,uint8,,,,,,"0：成功
1：失败
2：重发","0：success
1：failed
2：resend",0,,,,,,,,,,,参数,只读,,,,,firmware_upgrade_reply.start_upgrade.result,enum,,,,,,,,,1,FALSE
固件升级传输最大长度,Firmware Upgrade Maximum Transmission Length,否,,,,,,,,,,,是,,,0xF7,,1,3,,,uint16,,,,,,,,1,,1,65535,,,,,,,,参数,只读,,,,,firmware_upgrade_reply.start_upgrade.length,int,,,,,,,,,1,FALSE
固件传输应答,Firmware Transmission Response,否,,,,,,,,,,,是,,,0xF7,,0,1,,,struct,impl,upgrade_response_cmd：0x01,,,,,,,,,,,,,,,,,参数,只读,,,,,firmware_upgrade_reply.transmission,struct,,,,,,,,,1,FALSE
固件传输应答,Firmware Transmission Response,否,,,,,,,,,,,是,,,0xF7,,0,1,,,uint8,,,,,,"0：成功
1：失败","0：success
1：failed",0,,,,,,,,,,,参数,只读,,,,,firmware_upgrade_reply.transmission.result,enum,,,,,,,,,1,FALSE
固件升级结束应答,Firmware Upgrade End Response,否,,,,,,,,,,,是,,,0xF7,,0,1,,,struct,impl,upgrade_response_cmd：0x02,,,,,,,,,,,,,,,,,参数,只读,,,,,firmware_upgrade_reply.end_upgrade,struct,,,,,,,,,1,FALSE
固件升级结束应答,Firmware Upgrade End Response,否,,,,,,,,,,,是,,,0xF7,,0,1,,,uint8,,,,,,"0：成功
1：失败","0：success
1：failed",0,,,,,,,,,,,参数,只读,,,,,firmware_upgrade_reply.end_upgrade.result,enum,,,,,,,,,1,FALSE
预配置请求,Preconfiguration Request,否,,,,,,,,,,,是,,,0xF6,,0,0,,,struct,,,,,,,,,,,,,,,,,,,服务,只写,,异步,,,request_preconfiguration,struct,,,,,,,,,1,FALSE
预配置请求子命令,Preconfiguration Request Subcommand,否,,,,,,,,,,,是,,,0xF6,,0,1,,,uint8,type,preconfig_request_cmd,,,,,,,,,,,,,,,,,参数,只写,,,,,request_preconfiguration.command,enum,,,,,,,,,1,FALSE
预配置写请求,Preconfiguration Write Request,否,,,,,,,,,,,是,,,0xF6,,0,8,,,array,impl,preconfig_request_cmd：0x00,,,int,,,,,,,,,,,,,,参数,只写,,,,,request_preconfiguration.start_writing,array,,,8,,,,,,1,FALSE
预配置写,Preconfiguration Write,否,,,,,,,,,,,是,,,0xF6,,0,0,,,struct,impl,preconfig_request_cmd：0x01,,,,,,,,,,,,,,,,,参数,只写,,,,,request_preconfiguration.configuration_writing,struct,,,,,,,,,1,FALSE
写长度,Write Length,否,,,,,,,,,,,是,,,0xF6,,0,2,,,uint16,length,,,,,,,1,,1,65535,,,,,,,,参数,只写,,,,,request_preconfiguration.configuration_writing.length,int,,,,,,,,,1,FALSE
写数据,Write Data,否,,,,,,,,,,,是,,,0xF6,,0,0,,,array,,,,,int,,,,,,,,,,,,,,参数,只写,,,,,request_preconfiguration.configuration_writing.data,array,,,65535,,,,,,1,FALSE
预配置写结束,Preconfiguration Write End,否,,,,,,,,,,,是,,,0xF6,,0,0,,,struct,impl,preconfig_request_cmd：0x02,,,,,,,,,,,,,,,,,参数,只写,,,,,request_preconfiguration.end_writing,struct,,,,,,,,,1,FALSE
预配置读请求,Preconfiguration Read Request,否,,,,,,,,,,,是,,,0xF6,,0,0,,,struct,impl,preconfig_request_cmd：0x10,,,,,,,,,,,,,,,,,参数,只写,,,,,request_preconfiguration.start_reading,struct,,,,,,,,,1,FALSE
预配置读,Preconfiguration Read,否,,,,,,,,,,,是,,,0xF6,,0,0,,,struct,impl,preconfig_request_cmd：0x11,,,,,,,,,,,,,,,,,参数,只写,,,,,request_preconfiguration.configuration_reading,struct,,,,,,,,,1,FALSE
预配置读结束,Preconfiguration Read End,否,,,,,,,,,,,是,,,0xF6,,0,0,,,struct,impl,preconfig_request_cmd：0x12,,,,,,,,,,,,,,,,,参数,只写,,,,,request_preconfiguration.end_reading,struct,,,,,,,,,1,FALSE
预配置应答,Preconfiguration Response,否,,,,,,,,,,,是,,,0xF6,,0,0,,,struct,,,,,,,,,,,,,,,,,,,事件,只读,error,,,,preconfiguration_reply,struct,,,,,,,,,1,FALSE
预配置应答子命令,Preconfiguration Response Subcommand,否,,,,,,,,,,,是,,,0xF6,,0,1,,,uint8,type,preconfig_response_cmd,,,,,,,,,,,,,,,,,参数,只读,,,,,preconfiguration_reply.command,enum,,,,,,,,,1,FALSE
预配置写请求应答,Preconfiguration Write Request Response,否,,,,,,,,,,,是,,,0xF6,,0,3,,,struct,impl,preconfig_response_cmd：0x00,,,,,,,,,,,,,,,,,参数,只读,,,,,preconfiguration_reply.start_writing,struct,,,,,,,,,1,FALSE
预配置写请求应答,Preconfiguration Write Request Response,否,,,,,,,,,,,是,,,0xF6,,0,1,,,uint8,,,,,,"0：成功
1：失败","0：success
1：failed",0,,,,,,,,,,,参数,只读,,,,,preconfiguration_reply.start_writing.result,enum,,,,,,,,,1,FALSE
预配置写传输最大长度,Preconfiguration Write Maximum Transmission Length,否,,,,,,,,,,,是,,,0xF6,,1,3,,,uint16,,,,,,,,1,,1,65535,,,,,,,,参数,只读,,,,,preconfiguration_reply.start_writing.length,int,,,,,,,,,1,FALSE
预配置写应答,Preconfiguration Write Response,否,,,,,,,,,,,是,,,0xF6,,0,1,,,struct,impl,preconfig_response_cmd：0x01,,,,,,,,,,,,,,,,,参数,只读,,,,,preconfiguration_reply.configuration_writing,struct,,,,,,,,,1,FALSE
预配置写应答,Preconfiguration Write Response,否,,,,,,,,,,,是,,,0xF6,,0,1,,,uint8,,,,,,"0：成功
1：失败","0：success
1：failed",0,,,,,,,,,,,参数,只读,,,,,preconfiguration_reply.configuration_writing.result,enum,,,,,,,,,1,FALSE
预配置写结束应答,Preconfiguration Write End Response,否,,,,,,,,,,,是,,,0xF6,,0,1,,,struct,impl,preconfig_response_cmd：0x02,,,,,,,,,,,,,,,,,参数,只读,,,,,preconfiguration_reply.end_writing,struct,,,,,,,,,1,FALSE
预配置写结束应答,Preconfiguration Write End Response,否,,,,,,,,,,,是,,,0xF6,,0,1,,,uint8,,,,,,"0：成功
1：失败","0：success
1：failed",0,,,,,,,,,,,参数,只读,,,,,preconfiguration_reply.end_writing.result,enum,,,,,,,,,1,FALSE
预配置读请求应答,Preconfiguration Read Request Response,否,,,,,,,,,,,是,,,0xF6,,0,10,,,struct,impl,preconfig_response_cmd：0x10,,,,,,,,,,,,,,,,,参数,只读,,,,,preconfiguration_reply.start_reading,struct,,,,,,,,,1,FALSE
预配置读头部,Preconfiguration Read Header,否,,,,,,,,,,,是,,,0xF6,,0,8,,,array,,,,,int,,,,,,,,,,,,,,参数,只读,,,,,preconfiguration_reply.start_reading.data,array,,,8,,,,,,1,FALSE
预配置读传输最大长度,Preconfiguration Read Maximum Transmission Length,否,,,,,,,,,,,是,,,0xF6,,8,10,,,uint16,,,,,,,,1,,1,65535,,,,,,,,参数,只读,,,,,preconfiguration_reply.start_reading.length,int,,,,,,,,,1,FALSE
预配置读应答,Preconfiguration Read Response,否,,,,,,,,,,,是,,,0xF6,,0,0,,,struct,impl,preconfig_response_cmd：0x11,,,,,,,,,,,,,,,,,参数,只读,,,,,preconfiguration_reply.configuration_read,struct,,,,,,,,,1,FALSE
读长度,Read Length,否,,,,,,,,,,,是,,,0xF6,,0,2,,,uint16,length,,,,,,,1,,1,65535,,,,,,,,参数,只读,,,,,preconfiguration_reply.configuration_read.length,int,,,,,,,,,1,FALSE
读数据,Read Data,否,,,,,,,,,,,是,,,0xF6,,0,0,,,array,,,,,int,,,,,,,,,,,,,,参数,只读,,,,,preconfiguration_reply.configuration_read.data,array,,,65535,,,,,,1,FALSE
预配置读结束应答,Preconfiguration Read End Response,否,,,,,,,,,,,是,,,0xF6,,0,1,,,struct,impl,preconfig_response_cmd：0x12,,,,,,,,,,,,,,,,,参数,只读,,,,,preconfiguration_reply.end_reading,struct,,,,,,,,,1,FALSE
预配置读结束应答,Preconfiguration Read End Response,否,,,,,,,,,,,是,,,0xF6,,0,1,,,uint8,,,,,,"0：成功
1：失败","0：success
1：failed",0,,,,,,,,,,,参数,只读,,,,,preconfiguration_reply.end_reading.result,enum,,,,,,,,,1,FALSE
历史记录导出,Historical Record Export,否,,,,,,,,,,,是,,,0xF5,,0,0,,,struct,,,,,,,,,,,,,,,,,,,服务,只写,,异步,,,request_historical_data_export,struct,,,,,,,,,1,FALSE
历史记录导出子命令,Historical Record Export Subcommand,否,,,,,,,,,,,是,,,0xF5,,0,1,,,uint8,type,history_request_cmd,,,,,,,,,,,,,,,,,参数,只写,,,,,request_historical_data_export.command,enum,,,,,,,,,1,FALSE
历史记录导出请求,Historical Record Export Request,否,,,,,,,,,,,是,,,0xF5,,0,12,,,struct,impl,history_request_cmd：0x10,,,,,,,,,,,,,,,,,参数,只写,,,,,request_historical_data_export.start_exporting,struct,,,,,,,,,1,FALSE
历史记录导出开始时间,Historical Record Export Start Time,否,,,,,,,,,,,是,,,0xF5,,0,4,,,uint32,,,,,,,,,,,,,,,,,,,参数,只写,,,,,request_historical_data_export.start_exporting.start_timestamp,date,,,,,,,,,1,FALSE
历史记录导出结束时间,Historical Record Export End Time,否,,,,,,,,,,,是,,,0xF5,,4,8,,,uint32,,,,,,,,,,,,,,,,,,,参数,只写,,,,,request_historical_data_export.start_exporting.end_timestamp,date,,,,,,,,,1,FALSE
历史记录导出当前时间,Historical Record Export Current Time,否,,,,,,,,,,,是,,,0xF5,,8,12,,,uint32,,,,,,,,,,,,,,,,,,,参数,只写,,,,,request_historical_data_export.start_exporting.current_timestamp,date,,,,,,,,,1,FALSE
历史记录导出数据,Historical Record Export Data,否,,,,,,,,,,,是,,,0xF5,,0,0,,,struct,impl,history_request_cmd：0x11,,,,,,,,,,,,,,,,,参数,只写,,,,,request_historical_data_export.exported_data,struct,,,,,,,,,1,FALSE
历史记录导出结束,Historical Record Export End,否,,,,,,,,,,,是,,,0xF5,,0,0,,,struct,impl,history_request_cmd：0x12,,,,,,,,,,,,,,,,,参数,只写,,,,,request_historical_data_export.end_exporting,struct,,,,,,,,,1,FALSE
历史记录导出全部,Historical Record Export All Data,否,,,,,,,,,,,是,,,0xF5,,0,0,,,struct,impl,history_request_cmd：0x13,,,,,,,,,,,,,,,,,参数,只写,,,,,request_historical_data_export.exported_all_data,struct,,,,,,,,,1,FALSE
历史记录导出应答,Historical Record Export Response,否,,,,,,,,,,,是,,,0xF5,,0,0,,,struct,,,,,,,,,,,,,,,,,,,事件,只读,error,,,,historical_data_export_reply,struct,,,,,,,,,1,FALSE
历史记录导出请求,Historical Record Export Request,否,,,,,,,,,,,是,,,0xF5,,0,13,,,struct,impl,history_request_cmd：0x14,,,,,,,,,,,,,,,,,参数,只写,,,,,request_historical_data_export.start_exporting_with_type,struct,,,,,,,,,1,FALSE
历史记录导出类型,Historical Record Export Type,否,,,,,,,,,,,是,,,0xF5,,0,1,,,uint8,,,,,,,,,,,,,,,,,,,参数,只写,,,,,request_historical_data_export.start_exporting_with_type.type,int,,,,,,,,,1,FALSE
历史记录导出开始时间,Historical Record Export Start Time,否,,,,,,,,,,,是,,,0xF5,,1,5,,,uint32,,,,,,,,,,,,,,,,,,,参数,只写,,,,,request_historical_data_export.start_exporting_with_type.start_timestamp,date,,,,,,,,,1,FALSE
历史记录导出结束时间,Historical Record Export End Time,否,,,,,,,,,,,是,,,0xF5,,5,9,,,uint32,,,,,,,,,,,,,,,,,,,参数,只写,,,,,request_historical_data_export.start_exporting_with_type.end_timestamp,date,,,,,,,,,1,FALSE
历史记录导出当前时间,Historical Record Export Current Time,否,,,,,,,,,,,是,,,0xF5,,9,13,,,uint32,,,,,,,,,,,,,,,,,,,参数,只写,,,,,request_historical_data_export.start_exporting_with_type.current_timestamp,date,,,,,,,,,1,FALSE
历史记录导出应答子命令,Historical Record Export Response Subcommand,否,,,,,,,,,,,是,,,0xF5,,0,1,,,uint8,type,history_response_cmd,,,,,,,,,,,,,,,,,参数,只读,,,,,historical_data_export_reply.command,enum,,,,,,,,,1,FALSE
历史记录导出请求应答,Historical Record Export Request Response,否,,,,,,,,,,,是,,,0xF5,,0,6,,,struct,impl,history_response_cmd：0x10,,,,,,,,,,,,,,,,,参数,只读,,,,,historical_data_export_reply.start_exporting,struct,,,,,,,,,1,FALSE
历史记录导出个数,Historical Record Export Count,否,,,,,,,,,,,是,,,0xF5,,0,2,,,uint16,,,,,,,,1,,1,65535,,,,,,,,参数,只读,,,,,historical_data_export_reply.start_exporting.quantity_of_data,int,,,,,,,,,1,FALSE
历史记录导出长度,Historical Record Export Length,否,,,,,,,,,,,是,,,0xF5,,2,4,,,uint16,,,,,,,,1,,1,65535,,,,,,,,参数,只读,,,,,historical_data_export_reply.start_exporting.length,int,,,,,,,,,1,FALSE
历史记录导出传输最大长度,Historical Record Export Maximum Transmission Length,否,,,,,,,,,,,是,,,0xF5,,4,6,,,uint16,,,,,,,,1,,1,65535,,,,,,,,参数,只读,,,,,historical_data_export_reply.start_exporting.max_length,int,,,,,,,,,1,FALSE
历史记录导出数据应答,Historical Record Export Data Response,否,,,,,,,,,,,是,,,0xF5,,0,0,,,struct,impl,history_response_cmd：0x11,,,,,,,,,,,,,,,,,参数,只读,,,,,historical_data_export_reply.exported_data,struct,,,,,,,,,1,FALSE
历史记录导出数据长度,Historical Record Export Data Length,否,,,,,,,,,,,是,,,0xF5,,0,2,,,uint16,length,,,,,,,1,,1,65535,,,,,,,,参数,只读,,,,,historical_data_export_reply.exported_data.length,int,,,,,,,,,1,FALSE
历史记录导出数据,Historical Record Export Data,否,,,,,,,,,,,是,,,0xF5,,0,0,,,array,,,,,int,,,,,,,,,,,,,,参数,只读,,,,,historical_data_export_reply.exported_data.data,array,,,65535,,,,,,1,FALSE
历史记录导出结束应答,Historical Record Export End Response,否,,,,,,,,,,,是,,,0xF5,,0,1,,,struct,impl,history_response_cmd：0x12,,,,,,,,,,,,,,,,,参数,只读,,,,,historical_data_export_reply.end_exporting,struct,,,,,,,,,1,FALSE
历史记录导出结束应答,Historical Record Export End Response,否,,,,,,,,,,,是,,,0xF5,,0,1,,,uint8,,,,,,"0：成功
1：失败","0：success
1：failed",0,,,,,,,,,,,参数,只读,,,,,historical_data_export_reply.end_exporting.result,enum,,,,,,,,,1,FALSE
历史记录导出全部数据应答,Historical Record Export All Data Response,否,,,,,,,,,,,是,,,0xF5,,0,0,,,struct,impl,history_response_cmd：0x13,,,,,,,,,,,,,,,,,参数,只读,,,,,historical_data_export_reply.exported_all_data,struct,,,,,,,,,1,FALSE
历史记录导出请求应答,Historical Record Export Request Response,否,,,,,,,,,,,是,,,0xF5,,0,6,,,struct,impl,history_response_cmd：0x14,,,,,,,,,,,,,,,,,参数,只读,,,,,historical_data_export_reply.start_exporting_with_type,struct,,,,,,,,,1,FALSE
历史记录导出个数,Historical Record Export Count,否,,,,,,,,,,,是,,,0xF5,,0,2,,,uint16,,,,,,,,1,,1,65535,,,,,,,,参数,只读,,,,,historical_data_export_reply.start_exporting_with_type.quantity_of_data,int,,,,,,,,,1,FALSE
历史记录导出长度,Historical Record Export Length,否,,,,,,,,,,,是,,,0xF5,,2,4,,,uint16,,,,,,,,1,,1,65535,,,,,,,,参数,只读,,,,,historical_data_export_reply.start_exporting_with_type.length,int,,,,,,,,,1,FALSE
历史记录导出传输最大长度,Historical Record Export MaxiTransmission Length,否,,,,,,,,,,,是,,,0xF5,,4,6,,,uint16,,,,,,,,1,,1,65535,,,,,,,,参数,只读,,,,,historical_data_export_reply.start_exporting_with_type.max_length,int,,,,,,,,,1,FALSE
全检请求,Full Inspection Request,否,,,,,,,,,,,是,,,0xF4,,0,0,,,struct,,,,,,,,,,,,,,,,,,,服务,只写,,异步,,,request_full_inspection,struct,,,,,,,,,1,FALSE
全检请求子命令,Full Inspection Request Subcommand,否,,,,,,,,,,,是,,,0xF4,,0,1,,,uint8,type,check_request_cmd,,,,,,,,,,,,,,,,,参数,只写,,,,,request_full_inspection.command,enum,,,,,,,,,1,FALSE
全检开始,Full Inspection Start,否,,,,,,,,,,,是,,,0xF4,,0,0,,,struct,impl,check_request_cmd：0x00,,,,,,,,,,,,,,,,,参数,只写,,,,,request_full_inspection.start_inspection,struct,,,,,,,,,1,FALSE
全检控制,Full Inspection Control,否,,,,,,,,,,,是,,,0xF4,,0,0,,,struct,impl,check_request_cmd：0x01,,,,,,,,,,,,,,,,,参数,只写,,,,,request_full_inspection.control,struct,,,,,,,,,1,FALSE
控制命令长度,Control Command Length,否,,,,,,,,,,,是,,,0xF4,,0,2,,,uint16,length,,,,,,,0,,0,65535,,,,,,,,参数,只写,,,,,request_full_inspection.control.length,int,,,,,,,,,1,FALSE
控制命令内容,Control Command Content,否,,,,,,,,,,,是,,,0xF4,,0,0,,,array,,,,,int,,,,,,,,,,,,,,参数,只写,,,,,request_full_inspection.control.data,array,,,65535,,,,,,1,FALSE
全检读取,Full Inspection Read,否,,,,,,,,,,,是,,,0xF4,,0,0,,,struct,impl,check_request_cmd：0x02,,,,,,,,,,,,,,,,,参数,只写,,,,,request_full_inspection.reading,struct,,,,,,,,,1,FALSE
读取参数长度,Read Parameter Length,否,,,,,,,,,,,是,,,0xF4,,0,2,,,uint16,length,,,,,,,,,,,,,,,,,,参数,只写,,,,,request_full_inspection.reading.length,int,,,,,,,,,1,FALSE
读取参数内容,Read Parameter Content,否,,,,,,,,,,,是,,,0xF4,,0,0,,,array,,,,,int,,,0,,0,65535,,,,,,,,参数,只写,,,,,request_full_inspection.reading.data,array,,,65535,,,,,,1,FALSE
全检结束,Full Inspection End,否,,,,,,,,,,,是,,,0xF4,,0,0,,,struct,impl,check_request_cmd：0x03,,,,,,,,,,,,,,,,,参数,只写,,,,,request_full_inspection.end_inspection,struct,,,,,,,,,1,FALSE
全检应答,Full Inspection Response,否,,,,,,,,,,,是,,,0xF4,,0,0,,,struct,,,,,,,,,,,,,,,,,,,事件,只读,error,,,,full_inspection_reply,struct,,,,,,,,,1,FALSE
全检应答子命令,Full Inspection Response Subcommand,否,,,,,,,,,,,是,,,0xF4,,0,1,,,uint8,type,check_response_cmd,,,,,,,,,,,,,,,,,参数,只读,,,,,full_inspection_reply.command,enum,,,,,,,,,1,FALSE
全检开始应答,Full Inspection Start Response,否,,,,,,,,,,,是,,,0xF4,,0,1,,,struct,impl,check_response_cmd：0x00,,,,,,,,,,,,,,,,,参数,只读,,,,,full_inspection_reply.start_inspection,struct,,,,,,,,,1,FALSE
全检开始应答,Full Inspection Start Response ,否,,,,,,,,,,,是,,,0xF4,,0,1,,,uint8,,,,,,"0：成功
1：失败","0：success
1：failed",0,,,,,,,,,,,参数,只读,,,,,full_inspection_reply.start_inspection.result,enum,,,,,,,,,1,FALSE
全检控制应答,Full Inspection Control Response,否,,,,,,,,,,,是,,,0xF4,,0,1,,,struct,impl,check_response_cmd：0x01,,,,,,,,,,,,,,,,,参数,只读,,,,,full_inspection_reply.control,struct,,,,,,,,,1,FALSE
全检控制应答,Full Inspection Control Response ,否,,,,,,,,,,,是,,,0xF4,,0,1,,,uint8,,,,,,"0：成功
1：失败","0：success
1：failed",0,,,,,,,,,,,参数,只读,,,,,full_inspection_reply.control.result,enum,,,,,,,,,1,FALSE
全检读取应答,Full Inspection Read Response,否,,,,,,,,,,,是,,,0xF4,,0,0,,,struct,impl,check_response_cmd：0x02,,,,,,,,,,,,,,,,,参数,只读,,,,,full_inspection_reply.reading,struct,,,,,,,,,1,FALSE
全检读取应答长度,Read Response Length,否,,,,,,,,,,,是,,,0xF4,,0,2,,,uint16,length,,,,,,,0,,0,65535,,,,,,,,参数,只读,,,,,full_inspection_reply.reading.length,int, ,,,,,,,,1,FALSE
全检读取应答内容,Read Response Content,否,,,,,,,,,,,是,,,0xF4,,0,0,,,array,,,,,int,,,,,,,,,,,,,,参数,只读,,,,,full_inspection_reply.reading.data,array,,,65535,,,,,,1,FALSE
全检结束应答,Full Inspection End Response,否,,,,,,,,,,,是,,,0xF4,,0,1,,,struct,impl,check_response_cmd：0x03,,,,,,,,,,,,,,,,,参数,只读,,,,,full_inspection_reply.end_inspection,struct,,,,,,,,,1,FALSE
全检结束应答,Full Inspection End Response,否,,,,,,,,,,,是,,,0xF4,,0,1,,,uint8,,,,,,"0：成功
1：失败","0：success
1：failed",0,,,,,,,,,,,参数,只读,,,,,full_inspection_reply.end_inspection.result,enum,,,,,,,,,1,FALSE
命令查询,Command Queries,否,,,,,,,,,,可能应答的是实际数据,是,否,,0xEF,,0,0,,,struct,,,,,,,,,,,,,,,,,,,服务,只写,,异步,,,request_command_queries,struct,,,,,,,,,,TRUE
查询信息,Query Information,否,,,,,,,,,,,是,,,0xEF,,0,1,4,8,uint8,,,0,,,,,,,,,,,,,,,,参数,只写,,,,,request_command_queries.query_information,int,,,,,,,,,,TRUE
命令长度,Command Length,否,,,,,,,,,,,是,,,0xEF,,0,1,0,4,uint8,length,,,,,,,1,,1,15,,,,,,,,参数,只写,,,,,request_command_queries.length,int,,,,,,,,,,TRUE
所查询的命令,The command that was queried,否,,,,,,,,,,,是,,,0xEF,,0,0,,,array,,,,,int,,,,,,,,,,,,,,参数,只写,,,,,request_command_queries.object_command,array,,,15,,,,,,,TRUE
命令应答,Command Response,否,,,,,,,,,,,是,,,0xEF,,0,0,,,struct,,,,,,,,,,,,,,,,,,,事件,只读,error,,,,command_queries_reply,struct,,,,,,,,,,TRUE
应答结果,Answer Result,否,,,,,,,,,,,是,,,0xEF,,0,1,4,8,uint8,,,,,,"0：成功
1：无法解析
2：顺序错误
3：密码错误
4：读参数错误
5：写参数错误
6：读执行错误
7：写执行错误
8：读应用错误
9：写应用错误","0：success
1：unknow
2：error order
3：error passwd
4：error read params
5：error write params
6：error read
7：error write
8：error read apply
9：error write apply",0,,,,,,,,,,,参数,只读,,,,,command_queries_reply.result,enum,,,,,,,,,,TRUE
命令长度,Command Length,否,,,,,,,,,,,是,,,0xEF,,0,1,0,4,uint8,length,,,,,,,1,,1,15,,,,,,,,参数,只读,,,,,command_queries_reply.length,int,,,,,,,,,,TRUE
所应答的命令,Answered Commands,否,,,,,,,,,,,是,,,0xEF,,0,0,,,array,,,,,int,,,,,,,,,,,,,,参数,只读,,,,,command_queries_reply.the_command_in_reply,array,,,15,,,,,,,TRUE
查询所有配置请求,Request to Query All Configurations,否,,,,,,,,,,,是,否,,0xEE,,0,0,,,struct,,,,,,,,,,,,,,,,,,,服务,只写,,异步,,,request_query_all_configurations,-,,,,,,,,,1,TRUE
请求所有配置下发,Request to Push All Configurations,否,,,,,,,,,,,是,,,0xEE,,0,0,,,struct,,,,,,,,,,,,,,,,,,,事件,只读,info,,,,all_configurations_request_by_device,-,,,,,,,,,,TRUE
历史数据,Historical Data,否,,,,,,,,,,后续跟历史数据，至下一个报文或此条命令结束，不与周期报文混合,是,,,0xED,,0,4,,,struct,,,,,,,,,,,,,,,,,,,事件,只读,info,,,,historical_data_report,struct,,,,,,,,,,TRUE
历史数据时间戳,Historical Data Timestamps,否,,,,,,,,,,,是,,,0xED,,0,4,,,uint32,,,,,,,,,,,,,,,,,,,参数,只读,,,,,historical_data_report.timestamp,date,,,,,,,,,,TRUE
LoRaWAN  设置,LoRaWAN  Settings,否,,,,lorawan_config,LoRaWAN  设置,LoRaWAN Settings,,,,,,否,,0xCF,,0,0,,,struct,,,,,,,,,,,,,,,,,,,属性,读写,,,,,lorawan_configuration_settings,struct,,,,,,,,,,TRUE
LORAWAN设置,LoRaWAN Comand,否,,,,lorawan_config,LoRaWAN  设置,LoRaWAN Settings,,,,,,否,,0xCF,,0,1,,,uint8,type,lorawan_cmd,,,,,,,,,,子命令，错误时找不到对应命令,,,,,,,属性,读写,,,,,lorawan_configuration_settings.command,enum,,,,,,,,,,FALSE
设备EUI,Device EUI,否,,,,,,,,,,"默认值根据sn截取
24e124+sn[1,11]
平台不展示，不做插件处理
0",,否,,0xCF,,0,8,,,string,impl,lorawan_cmd：0x0B,,,,,,,,,,不限制,,,,,16,hex,属性,只读,,,,,lorawan_configuration_settings.deveui,string,16,16,,,,,,,,FALSE
APP EUI,APP EUI,否,,,,lorawan_config,LoRaWAN  设置,LoRaWAN Settings,,,,1,,否,,0xCF,,0,8,,,string,impl,lorawan_cmd：0x13,,,,,,24e124c0002a0001,,,,不限制,,,,,16,hex,属性,读写,,,,,lorawan_configuration_settings.appeui,string,16,16,,,,,,,,FALSE
网络ID,Network ID,否,,,,lorawan_config,LoRaWAN  设置,LoRaWAN Settings,,,,1.1,,否,,0xCF,,0,3,,,string,impl,lorawan_cmd：0x03,,,,,,10203,,,,不限制,,,,,6,hex,属性,读写,,,,,lorawan_configuration_settings.netid,string,6,6,,,,,,,,FALSE
应用程序端口,Application Port,否,,,,lorawan_config,LoRaWAN  设置,LoRaWAN Settings,,,,2,,否,,0xCF,,0,1,,,uint8,impl,lorawan_cmd：0x5C,,,,,,85,,1,223,"[0,255]",,,,,,,属性,读写,,,,,lorawan_configuration_settings.app_port,int,,,,,,,,,,FALSE
LoRaWAN 版本,LoRaWAN Version,否,,,,lorawan_config,LoRaWAN  设置,LoRaWAN Settings,,,,"枚举值3被弃用，引导到2

3",是,否,,0xCF,,0,1,,,uint8,impl,lorawan_cmd：0xD8,,,,"1：1.0.2
2：1.0.3
3：1.0.3
4：1.0.4","1：1.0.2
2：1.0.3
3：1.0.3
4：1.0.4",2,,,,"[0,255]",,,,,,,属性,读写,,,,,lorawan_configuration_settings.version,enum,,,,,,,,,,TRUE
LoraWAN工作模式,LoRaWAN Work Mode,否,,,,lorawan_config,LoRaWAN  设置,LoRaWAN Settings,,,,"根据产品变化默认值

4",,否,,0xCF,,0,1,,,uint8,impl,lorawan_cmd：0x00,,,,"0:ClassA
1:ClassB
2:ClassC
3:ClassC to B","0:ClassA
1:ClassB
2:ClassC
3:ClassC to B",0,,,,"[0,255]",,,,,,,属性,读写,,,,,lorawan_configuration_settings.mode,enum,,,,,,,,,,TRUE
确认包模式,Confirmed Mode,否,,如果设备在向NS发送数据包后没有收到NS的ACK位，设备将重新发送包.,"If the device does not receive ACK bit from NS after sending packet to the NS,the device will resend the packet.",lorawan_config.confirmed,确认包模式,Confirmed Mode,,,,5,,否,,0xCF,,0,1,,,uint8,impl,lorawan_cmd：0x5D,,,,"0：禁用
1：启用","0：disable
1：enable",0,,,,"[0,255]",,,,,,,属性,读写,,,,,lorawan_configuration_settings.confirmed_mode,bool,,,,,,,,,,FALSE
ACK发送次数,ACK,否,,,,lorawan_config.confirmed,确认包模式,Confirmed Mode,,,,5-1,,否,,0xCF,,0,1,,,uint8,impl,lorawan_cmd：0xC6,,,,,,1,,1,15,"[0,255]",,,,,,,属性,读写,,,,,lorawan_configuration_settings.ack_retry_times,int,,,,,,,,,,FALSE
入网方式,Join Type,否,,,,lorawan_config,LoRaWAN  设置,LoRaWAN Settings,,,,6,,否,,0xCF,,0,1,,,uint8,impl,lorawan_cmd：0x01,,,,"0：ABP
1：OTAA","0：ABP
1：OTAA",1,,,,"[0,255]",,,,,,,属性,读写,,,,,lorawan_configuration_settings.join_type,enum,,,,,,,,,,FALSE
应用程序密钥,Application Key,否,,入网方式为OTAA时，填写有效,"If the network access mode is set to OTAA, this parameter is valid.",lorawan_config,LoRaWAN  设置,LoRaWAN Settings,,,,7-1,,否,,0xCF,,0,16,,,string,impl,lorawan_cmd：0x3B,,,,,,5572404c696e6b4c6f52613230313823,,,,不限制,,,,,32,hex,属性,只写,,,,,lorawan_configuration_settings.appkey,string,32,32,,,,,,,,FALSE
网络会话密钥,Network Session Key,否,,入网方式为ABP时，填写有效,"If the network access mode is set to ABP, this parameter is valid.",lorawan_config,LoRaWAN  设置,LoRaWAN Settings,,,,7-2,,否,,0xCF,,0,16,,,string,impl,lorawan_cmd：0x1B,,,,,,5572404c696e6b4c6f52613230313823,,,,不限制,,,,,32,hex,属性,只写,,,,,lorawan_configuration_settings.nwkskey,string,32,32,,,,,,,,FALSE
应用程序会话密钥,Application Session Key,否,,入网方式为ABP时，填写有效,"If the network access mode is set to ABP, this parameter is valid.",lorawan_config,LoRaWAN  设置,LoRaWAN Settings,,,,8,,否,,0xCF,,0,16,,,string,impl,lorawan_cmd：0x2B,,,,,,5572404c696e6b4c6f52613230313823,,,,不限制,,,,,32,hex,属性,只写,,,,,lorawan_configuration_settings.appskey,string,32,32,,,,,,,,FALSE
设备地址,Device Address,否,,,,lorawan_config,LoRaWAN  设置,LoRaWAN Settings,,,,"默认值根据sn截取
sn[4,12]
平台不展示，不做插件处理

9-1",,否,,0xCF,,0,4,,,string,impl,lorawan_cmd：0x07,,,,,,,,,,不限制,,,,小端,8,hex,属性,读写,,,,,lorawan_configuration_settings.devaddr,string,8,8,,,,,,,,FALSE
重新入网模式,Rejoin Mode ,否,,,,lorawan_config.rejoin,重新入网模式,Rejoin Mode,,,,9.2,,否,,0xCF,,0,1,,,uint8,impl,lorawan_cmd：0xDA,,,,"0：禁用
1：启用","0：disable
1：enable",1,,,,"[0,255]",,,,,,,属性,读写,,,,,lorawan_configuration_settings.rejoin_mode_enable,bool,,,,,,,,,,FALSE
设置发送链路检测信号数量,Set the number of detection signals  sent,否,,,,lorawan_config.rejoin,重新入网模式,Rejoin Mode,,,,9.2.1,,否,,0xCF,,0,1,,,uint8,impl,lorawan_cmd：0xD9,,,,,,32,,4,32,"[0,255]",,,,,,,属性,读写,,,,,lorawan_configuration_settings.number_of_link_detection_signals,int,,,,,,,,,,FALSE
频段,Frequency Band,否,,,,lorawan_config.frequency_settings,频率设置,Frequency Settings,,,,"根据频段变化
10",,否,,0xCF,,0,1,,,uint8,impl,lorawan_cmd：0xCD,,,,"0：CN470
2：AS923
3：AU915
4：EU868
5：KR920
6：IN865
7：US915
10：RU864","0：CN470
2：AS923
3：AU915
4：EU868
5：KR920
6：IN865
7：US915
10：RU864",0,,,,"[0,255]",,,,,,,属性,读写,,,,,lorawan_configuration_settings.frequency_band,enum,,,,,,,,,,FALSE
信道规划,Channel Plan,否,,,,lorawan_config.frequency_settings,频率设置,Frequency Settings,,,,"根据频段变化
11",,否,,0xCF,,0,1,,,uint8,impl,lorawan_cmd：0xDC,,,,"0：AS923-1
1：AS923-2
2：AS923-3
3：AS923-4","0：AS923-1
1：AS923-2
2：AS923-3
3：AS923-4",0,,,,"[0,255]",,,,,,,属性,读写,,,,,lorawan_configuration_settings.AS923_frequency_band_in_use,enum,,,,,,,,,,FALSE
启用信道,Channel Mask,否,,"请在输入框中输入要启用的通道索引，用逗号分隔
例如：1，40：启用通道1和通道40
1-40：启用channel1到channel40
All:启用所有通道","Please enter the index of the channel to be enabled in the input box separated by commas.
For example:
1，40:Enabling Channel1 and channel40 
1-40:Enabling Channnel1to channel40
Null: Indicates that all channels are disabled",lorawan_config.frequency_settings,频率设置,Frequency Settings,,,,"根据频段变化，发送额外信道时无需发送掩码
12

请在输入框中输入要启用的通道索引，用逗号分隔
例如：1，40：启用通道1和通道40
1-40：启用channel1到channel40
All:启用所有通道",,否,,0xCF,,0,12,,,string,impl,lorawan_cmd：0x5E,,,,,,00000000000000000000ff00,,,,不限制,,,,小端,24,hex,属性,读写,,,,,lorawan_configuration_settings.channel_mask,string,24,24,,,,,,,,FALSE
信道设置,Channel Settings,否,,只能进行额外信道修改，默认信道修改无效。,"Only additional channel modifications can be made, and default channel modifications are invalid.",lorawan_config.frequency_settings.channel_settings,信道设置,Channel Settings,,,,"根据频段变化，发送额外信道时无需发送掩码
13",,否,,0xCF,,0,7,,,array,separate,lorawan_cmd：0x6A,,,struct,,,,,,,,,,,,,,属性,读写,,,,,lorawan_configuration_settings.channels_settings,array,,,8,,,,,,,FALSE
信道,Channel,否,,,,lorawan_config.frequency_settings.channel_settings,信道设置,Channel Settings,,,,13,,否,,0xCF,,0,7,,,struct,,,,,,,,,,,,,,,,,,,属性,读写,,,,,lorawan_configuration_settings.channels_settings._item,struct,,,,,,,,,,FALSE
序号,Number,否,,,,lorawan_config.frequency_settings.channel_settings,信道设置,Channel Settings,,,,13-1,,否,,0xCF,,0,1,,,uint8,index,,,,,,,1,,1,8,子命令，错误时找不到对应命令,,,,,,,属性,读写,,,,,lorawan_configuration_settings.channels_settings._item.index,int,,,,,,,,,,FALSE
使能,Enable,否,,,,lorawan_config.frequency_settings.channel_settings,信道设置,Channel Settings,,,,13-2,,否,,0xCF,,1,2,,,uint8,,,,,,"0：禁用
1：启用","0：disable
1：enable",1,,,,"[0,255]",,,,,,,属性,读写,,,,,lorawan_configuration_settings.channels_settings._item.enable,bool,,,,,,,,,,FALSE
频率,Frequency,否,,,,lorawan_config.frequency_settings.channel_settings,信道设置,Channel Settings,,,,"根据频段变化
13-3",,否,,0xCF,,2,6,,,uint32,,,,,,,,868.3,,,,"[0,4294967295]",6,0.000001,MHz,,,,属性,读写,,,,,lorawan_configuration_settings.channels_settings._item.frequency,double,,,,,,,,,,FALSE
数据速率上限值,Max Data Rate,否,,,,lorawan_config,LoRaWAN  设置,LoRaWAN Settings,,,,"根据频段变化
这个是发送的
13-4",,否,,0xCF,,6,7,4,8,uint8,,,,,,"0：DR0(SF12,125kHz)
1：DR1(SF11,125kHz)
2：DR2(SF10,125kHz)
3：DR3(SF9,125kHz)
4：DR4(SF8,125kHz)
5：DR5(SF7,125kHz)","0：DR0(SF12,125kHz)
1：DR1(SF11,125kHz)
2：DR2(SF10,125kHz)
3：DR3(SF9,125kHz)
4：DR4(SF8,125kHz)
5：DR5(SF7,125kHz)",5,,,,"[0,255]",,,,,,,属性,读写,,,,,lorawan_configuration_settings.channels_settings._item.data_rate_max,enum,,,,,,,,,,FALSE
数据速率下限值,Min Data Rate,否,,,,lorawan_config,LoRaWAN  设置,LoRaWAN Settings,,,,"根据频段变化
这个是发送的
13-5",,否,,0xCF,,6,7,0,4,uint8,,,,,,"0：DR0(SF12,125kHz)
1：DR1(SF11,125kHz)
2：DR2(SF10,125kHz)
3：DR3(SF9,125kHz)
4：DR4(SF8,125kHz)
5：DR5(SF7,125kHz)","0：DR0(SF12,125kHz)
1：DR1(SF11,125kHz)
2：DR2(SF10,125kHz)
3：DR3(SF9,125kHz)
4：DR4(SF8,125kHz)
5：DR5(SF7,125kHz)",0,,,,"[0,255]",,,,,,,属性,读写,,,,,lorawan_configuration_settings.channels_settings._item.data_rate_min,enum,,,,,,,,,,FALSE
速率自适应速率,ADR Mode,否,,启用此模式可优化上行链路数据的数据速率，通话时间和能耗，建议在稳定的射频条件下启用。,"Enable this mode to optimize the Data Rate,Airtime and Energy Consumption of uplink data, it's recommended to enable in stable RF conditions.",lorawan_config,LoRaWAN  设置,LoRaWAN Settings,,,,13.1（13和14之间）,,否,,0xCF,,0,1,,,uint8,impl,lorawan_cmd：0x02,,,,"0：禁用
1：启用","0：disable
1：enable",1,,,,"[0,255]",,,,,,,属性,读写,,,,,lorawan_configuration_settings.adr_mode,bool,,,,,,,,,,FALSE
发送速率,TX Data Rate,否,,此选项用于确定加入网络服务器的SF和数据速率。如果禁用了ADR，则上行数据也将遵循此规则。,"This option is used to determine the SF and Data Rate to Join the Network Server, If ADR is disabled, the uplink data will follow this rule as well.",lorawan_config,LoRaWAN  设置,LoRaWAN Settings,,,,"根据频段变化
14",,否,,0xCF,,0,1,,,uint8,impl,lorawan_cmd：0xBA,,,,"0：DR0(SF12,125kHz)
1：DR1(SF11,125kHz)
2：DR2(SF10,125kHz)
3：DR3(SF9,125kHz)
4：DR4(SF8,125kHz)
5：DR5(SF7,125kHz)","0：DR0(SF12,125kHz)
1：DR1(SF11,125kHz)
2：DR2(SF10,125kHz)
3：DR3(SF9,125kHz)
4：DR4(SF8,125kHz)
5：DR5(SF7,125kHz)",2,,,,"[0,255]",,,,,,,属性,读写,,,,,lorawan_configuration_settings.tx_data_rate,enum,,,,,,,,,,FALSE
输出功率,TX Power,否,,,,lorawan_config,LoRaWAN  设置,LoRaWAN Settings,,,,"根据频段变化
15

设备限制中为啥有负数的@林成禹-5548(lincy)",,否,,0xCF,,0,1,,,uint8,impl,lorawan_cmd：0x5B,,,,"0：TXPOWER0-16dBm
1：TXPOWER1-14dBm
2：TXPOWER2-12dBm
3：TXPOWER3-10dBm
4：TXPOWER4-8dBm
5：TXPOWER5-6dBm
6：TXPOWER6-4dBm
7：TXPOWER7-2dBm","0：TXPOWER0-16dBm
1：TXPOWER1-14dBm
2：TXPOWER2-12dBm
3：TXPOWER3-10dBm
4：TXPOWER4-8dBm
5：TXPOWER5-6dBm
6：TXPOWER6-4dBm
7：TXPOWER7-2dBm",0,,,,"[0,255]",,,,,,,属性,读写,,,,,lorawan_configuration_settings.tx_power,enum,,,,,,,,,,FALSE
接收窗口速率,RX2 Data Rate,否,,与D2D速率相同,Same as D2D Data Rate,lorawan_config,LoRaWAN  设置,LoRaWAN Settings,,,,"根据频段变化
15",,否,,0xCF,,0,1,,,uint8,impl,lorawan_cmd：0xBF,,,,"0：DR0(SF12,125kHz)
1：DR1(SF11,125kHz)
2：DR2(SF10,125kHz)
3：DR3(SF9,125kHz)
4：DR4(SF8,125kHz)
5：DR5(SF7,125kHz)","0：DR0(SF12,125kHz)
1：DR1(SF11,125kHz)
2：DR2(SF10,125kHz)
3：DR3(SF9,125kHz)
4：DR4(SF8,125kHz)
5：DR5(SF7,125kHz)",0,,,,"[0,255]",,,,,,,属性,读写,,,,,lorawan_configuration_settings.rx2_data_rate,enum,,,,,,,,,,FALSE
接收窗口频率,RX2 Frequency,否,,与D2D频率相同,Same as D2D Frequency,lorawan_config,LoRaWAN  设置,LoRaWAN Settings,,,,"根据频段变化
16",,否,,0xCF,,0,4,,,uint32,impl,lorawan_cmd：0xBB,,,,,,869.525,,,,"[0,4294967295]",6,0.000001,MHz,,,,属性,读写,,,,,lorawan_configuration_settings.rx2_frequency,double,,,,,,,,,,FALSE
打开接收窗口周期,Ping Slot Periodicity,否,,仅LoraWAN工作模式为Class B时，填写有效,This parameter is valid only when the LoraWAN working mode is Class B,lorawan_config,LoRaWAN  设置,LoRaWAN Settings,,,,16.1,,否,,0xCF,,0,1,,,uint8,impl,lorawan_cmd：0xDD,,,,"0：1s
1：2s
2：4s
3：8s
4：16s
5：32s
6：64s
7：128s","0：1s
1：2s
2：4s
3：8s
4：16s
5：32s
6：64s
7：128s",2,,,,"[0,255]",,,,,,,属性,读写,,,,,lorawan_configuration_settings.pingslot_periodicity,enum,,,,,,,,,,FALSE
接收窗口1打开延时,RX1 Open Delay Time,否,,,,lorawan_config,LoRaWAN  设置,LoRaWAN Settings,,,,"未实现
16-1",,否,,0xCF,,0,4,,,uint32,impl,lorawan_cmd：0x4B,,,,,,1,,1,60,"[0,4294967295]",,0.001,s,,,,属性,读写,,,,,lorawan_configuration_settings.rx1_open_delay,long,,,,,,,,,,FALSE
接收窗口2打开延时,RX2 Open Delay Time,否,,,,lorawan_config,LoRaWAN  设置,LoRaWAN Settings,,,,"未实现
16-2",,否,,0xCF,,0,4,,,uint32,impl,lorawan_cmd：0x4F,,,,,,2,,1,60,"[0,4294967295]",,0.001,s,,,,属性,读写,,,,,lorawan_configuration_settings.rx2_open_delay,long,,,,,,,,,,FALSE
入网窗口1打开延时,Join RX1 Open Delay Time,否,,,,lorawan_config,LoRaWAN  设置,LoRaWAN Settings,,,,"未实现
16-3",,否,,0xCF,,0,4,,,uint32,impl,lorawan_cmd：0x53,,,,,,5,,1,60,"[0,4294967295]",,0.001,s,,,,属性,读写,,,,,lorawan_configuration_settings.join_rx1_open_delay,long,,,,,,,,,,FALSE
入网窗口2打开延时,Join RX2 Open Delay Time,否,,,,lorawan_config,LoRaWAN  设置,LoRaWAN Settings,,,,"未实现
16-4",,否,,0xCF,,0,4,,,uint32,impl,lorawan_cmd：0x57,,,,,,6,,1,60,"[0,4294967295]",,0.001,s,,,,属性,读写,,,,,lorawan_configuration_settings.join_rx2_open_delay,long,,,,,,,,,,FALSE
组播群组,Multicast Group Settings,否,,,,lorawan_config.multicast_group_settings,组播群组,Multicast Group Settings,,,,17,,否,,0xCF,,0,0,,,struct,impl,lorawan_cmd：0xF9,,,,,,,,,,,,,,,,,属性,读写,,,,,lorawan_configuration_settings.multicast_group_settings,struct,,,,,,,,,,FALSE
组播命令,Multicast Comand,否,,,,lorawan_config.multicast_group_settings,组播群组,Multicast Group Settings,,,,17,,否,,0xCF,,0,1,,,uint8,type,lorawan_group_cmd,,,,,,,,,,子命令，错误时找不到对应命令,,,,,,,属性,读写,,,,,lorawan_configuration_settings.multicast_group_settings.command,enum,,,,,,,,,,FALSE
组播1使能,Multicast Group 1 Enable,否,,,,lorawan_config.multicast_group_settings.group1,组播群组 1,Multicast Group 1 Settings,,,,17-1,,否,,0xCF,,0,1,,,uint8,impl,lorawan_group_cmd：0x0D,,,,"0：禁用
1：启用","0：disable
1：enable",0,,,,"[0,255]",,,,,,,属性,读写,,,,,lorawan_configuration_settings.multicast_group_settings.group_1_enable,bool,,,,,,,,,,FALSE
组播地址,Multicast Address,否,,,,lorawan_config.multicast_group_settings.group1,组播群组 1,Multicast Group 1 Settings,,,,17-2,,否,,0xCF,,0,4,,,string,impl,lorawan_group_cmd：0x14,,,,,,11111111,,,,不限制,,,,小端,8,hex,属性,读写,,,,,lorawan_configuration_settings.multicast_group_settings.group_1_devaddr,string,8,8,,,,,,,,FALSE
组播应用会话密钥,McAppSKey,否,,,,lorawan_config.multicast_group_settings.group1,组播群组 1,Multicast Group 1 Settings,,,,17-3,,否,,0xCF,,0,16,,,string,impl,lorawan_group_cmd：0x28,,,,,,5572404c696e6b4c6f52613230313823,,,,不限制,,,,,32,hex,属性,只写,,,,,lorawan_configuration_settings.multicast_group_settings.group_1_appskey,string,32,32,,,,,,,,FALSE
组播网络会话密钥,McNetSKey,否,,,,lorawan_config.multicast_group_settings.group1,组播群组 1,Multicast Group 1 Settings,,,,17-4,,否,,0xCF,,0,16,,,string,impl,lorawan_group_cmd：0x18,,,,,,5572404c696e6b4c6f52613230313823,,,,不限制,,,,,32,hex,属性,只写,,,,,lorawan_configuration_settings.multicast_group_settings.group_1_nwkskey,string,32,32,,,,,,,,FALSE
组播接收窗口打开周期,Multicast Ping Slot Periodicity,否,,,,lorawan_config.multicast_group_settings.group1,组播群组 1,Multicast Group 1 Settings,,,,17-5,,否,,0xCF,,0,1,,,uint8,impl,lorawan_group_cmd：0x0E,,,,"0：1s
1：2s
2：4s
3：8s
4：16s
5：32s
6：64s
7：128s","0：1s
1：2s
2：4s
3：8s
4：16s
5：32s
6：64s
7：128s",2,,,,"[0,255]",,,,,,,属性,读写,,,,,lorawan_configuration_settings.multicast_group_settings.group_1_pingslot_periodicity,enum,,,,,,,,,,FALSE
组播速率,Multicast Data Rate,否,,,,lorawan_config.multicast_group_settings.group1,组播群组 1,Multicast Group 1 Settings,,,,17-6,,否,,0xCF,,0,1,,,uint8,impl,lorawan_group_cmd：0x0F,,,,"0：DR0(SF12,125kHz)
1：DR1(SF11,125kHz)
2：DR2(SF10,125kHz)
3：DR3(SF9,125kHz)
4：DR4(SF8,125kHz)
5：DR5(SF7,125kHz)","0：DR0(SF12,125kHz)
1：DR1(SF11,125kHz)
2：DR2(SF10,125kHz)
3：DR3(SF9,125kHz)
4：DR4(SF8,125kHz)
5：DR5(SF7,125kHz)",2,,,,"[0,255]",,,,,,,属性,读写,,,,,lorawan_configuration_settings.multicast_group_settings.group_1_data_rate,enum,,,,,,,,,,FALSE
组播频率,Multicast Frequency,否,,,,lorawan_config.multicast_group_settings.group1,组播群组 1,Multicast Group 1 Settings,,,,17-7,,否,,0xCF,,0,4,,,uint32,impl,lorawan_group_cmd：0x10,,,,,,869.525,,,,"[0,4294967295]",6,0.000001,MHz,,,,属性,读写,,,,,lorawan_configuration_settings.multicast_group_settings.group_1_frequency,double,,,,,,,,,,FALSE
组播2使能,Multicast Group 2 Enable,否,,,,lorawan_config.multicast_group_settings.group2,组播群组 2,Multicast Group 2 Settings,,,,,,否,,0xCF,,0,1,,,uint8,impl,lorawan_group_cmd：0x3A,,,,"0：禁用
1：启用","0：disable
1：enable",0,,,,"[0,255]",,,,,,,属性,读写,,,,,lorawan_configuration_settings.multicast_group_settings.group_2_enable,bool,,,,,,,,,,FALSE
组播地址,Multicast Address,否,,,,lorawan_config.multicast_group_settings.group2,组播群组 2,Multicast Group 2 Settings,,,,,,否,,0xCF,,0,4,,,string,impl,lorawan_group_cmd：0x41,,,,,,22222222,,,,不限制,,,,小端,8,hex,属性,读写,,,,,lorawan_configuration_settings.multicast_group_settings.group_2_devaddr,string,8,8,,,,,,,,FALSE
组播应用会话密钥,McAppSKey,否,,,,lorawan_config.multicast_group_settings.group2,组播群组 2,Multicast Group 2 Settings,,,,,,否,,0xCF,,0,16,,,string,impl,lorawan_group_cmd：0x55,,,,,,5572404c696e6b4c6f52613230313824,,,,不限制,,,,,32,hex,属性,只写,,,,,lorawan_configuration_settings.multicast_group_settings.group_2_appskey,string,32,32,,,,,,,,FALSE
组播网络会话密钥,McNetSKey,否,,,,lorawan_config.multicast_group_settings.group2,组播群组 2,Multicast Group 2 Settings,,,,,,否,,0xCF,,0,16,,,string,impl,lorawan_group_cmd：0x45,,,,,,5572404c696e6b4c6f52613230313824,,,,不限制,,,,,32,hex,属性,只写,,,,,lorawan_configuration_settings.multicast_group_settings.group_2_nwkskey,string,32,32,,,,,,,,FALSE
打开接收窗口周期,Ping Slot Periodicity,否,,,,lorawan_config.multicast_group_settings.group2,组播群组 2,Multicast Group 2 Settings,,,,,,否,,0xCF,,0,1,,,uint8,impl,lorawan_group_cmd：0x3B,,,,"0：1s
1：2s
2：4s
3：8s
4：16s
5：32s
6：64s
7：128s","0：1s
1：2s
2：4s
3：8s
4：16s
5：32s
6：64s
7：128s",2,,,,"[0,255]",,,,,,,属性,读写,,,,,lorawan_configuration_settings.multicast_group_settings.group_2_pingslot_periodicity,enum,,,,,,,,,,FALSE
组播速率,Multicast Data Rate,否,,,,lorawan_config.multicast_group_settings.group2,组播群组 2,Multicast Group 2 Settings,,,,,,否,,0xCF,,0,1,,,uint8,impl,lorawan_group_cmd：0x3C,,,,"0：DR0(SF12,125kHz)
1：DR1(SF11,125kHz)
2：DR2(SF10,125kHz)
3：DR3(SF9,125kHz)
4：DR4(SF8,125kHz)
5：DR5(SF7,125kHz)","0：DR0(SF12,125kHz)
1：DR1(SF11,125kHz)
2：DR2(SF10,125kHz)
3：DR3(SF9,125kHz)
4：DR4(SF8,125kHz)
5：DR5(SF7,125kHz)",2,,,,"[0,255]",,,,,,,属性,读写,,,,,lorawan_configuration_settings.multicast_group_settings.group_2_data_rate,enum,,,,,,,,,,FALSE
组播频率,Multicast Frequency,否,,,,lorawan_config.multicast_group_settings.group2,组播群组 2,Multicast Group 2 Settings,,,,,,否,,0xCF,,0,4,,,uint32,impl,lorawan_group_cmd：0x3D,,,,,,869.525,,,,"[0,4294967295]",6,0.000001,MHz,,,,属性,读写,,,,,lorawan_configuration_settings.multicast_group_settings.group_2_frequency,double,,,,,,,,,,FALSE
组播3使能,Multicast Group 3 Enable,否,,,,lorawan_config.multicast_group_settings.group3,组播群组 3,Multicast Group 3 Settings,,,,,,否,,0xCF,,0,1,,,uint8,impl,lorawan_group_cmd：0x67,,,,"0：禁用
1：启用","0：disable
1：enable",0,,,,"[0,255]",,,,,,,属性,读写,,,,,lorawan_configuration_settings.multicast_group_settings.group_3_enable,bool,,,,,,,,,,FALSE
组播地址,Multicast Address,否,,,,lorawan_config.multicast_group_settings.group3,组播群组 3,Multicast Group 3 Settings,,,,,,否,,0xCF,,0,4,,,string,impl,lorawan_group_cmd：0x6E,,,,,,33333333,,,,不限制,,,,小端,8,hex,属性,读写,,,,,lorawan_configuration_settings.multicast_group_settings.group_3_devaddr,string,8,8,,,,,,,,FALSE
组播应用会话密钥,McAppSKey,否,,,,lorawan_config.multicast_group_settings.group3,组播群组 3,Multicast Group 3 Settings,,,,,,否,,0xCF,,0,16,,,string,impl,lorawan_group_cmd：0x82,,,,,,5572404c696e6b4c6f52613230313825,,,,不限制,,,,,32,hex,属性,只写,,,,,lorawan_configuration_settings.multicast_group_settings.group_3_appskey,string,32,32,,,,,,,,FALSE
组播网络会话密钥,McNetSKey,否,,,,lorawan_config.multicast_group_settings.group3,组播群组 3,Multicast Group 3 Settings,,,,,,否,,0xCF,,0,16,,,string,impl,lorawan_group_cmd：0x72,,,,,,5572404c696e6b4c6f52613230313825,,,,不限制,,,,,32,hex,属性,只写,,,,,lorawan_configuration_settings.multicast_group_settings.group_3_nwkskey,string,32,32,,,,,,,,FALSE
打开接收窗口周期,Ping Slot Periodicity,否,,,,lorawan_config.multicast_group_settings.group3,组播群组 3,Multicast Group 3 Settings,,,,,,否,,0xCF,,0,1,,,uint8,impl,lorawan_group_cmd：0x68,,,,"0：1s
1：2s
2：4s
3：8s
4：16s
5：32s
6：64s
7：128s","0：1s
1：2s
2：4s
3：8s
4：16s
5：32s
6：64s
7：128s",2,,,,"[0,255]",,,,,,,属性,读写,,,,,lorawan_configuration_settings.multicast_group_settings.group_3_pingslot_periodicity,enum,,,,,,,,,,FALSE
组播速率,Multicast Data Rate,否,,,,lorawan_config.multicast_group_settings.group3,组播群组 3,Multicast Group 3 Settings,,,,,,否,,0xCF,,0,1,,,uint8,impl,lorawan_group_cmd：0x69,,,,"0：DR0(SF12,125kHz)
1：DR1(SF11,125kHz)
2：DR2(SF10,125kHz)
3：DR3(SF9,125kHz)
4：DR4(SF8,125kHz)
5：DR5(SF7,125kHz)","0：DR0(SF12,125kHz)
1：DR1(SF11,125kHz)
2：DR2(SF10,125kHz)
3：DR3(SF9,125kHz)
4：DR4(SF8,125kHz)
5：DR5(SF7,125kHz)",2,,,,"[0,255]",,,,,,,属性,读写,,,,,lorawan_configuration_settings.multicast_group_settings.group_3_data_rate,enum,,,,,,,,,,FALSE
组播频率,Multicast Frequency,否,,,,lorawan_config.multicast_group_settings.group3,组播群组 3,Multicast Group 3 Settings,,,,,,否,,0xCF,,0,4,,,uint32,impl,lorawan_group_cmd：0x6A,,,,,,869.525,,,,"[0,4294967295]",6,0.000001,MHz,,,,属性,读写,,,,,lorawan_configuration_settings.multicast_group_settings.group_3_frequency,double,,,,,,,,,,FALSE
组播4使能,Multicast Group 4 Enable,否,,,,lorawan_config.multicast_group_settings.group4,组播群组 4,Multicast Group 4 Settings,,,,,,否,,0xCF,,0,1,,,uint8,impl,lorawan_group_cmd：0x94,,,,"0：禁用
1：启用","0：disable
1：enable",0,,,,"[0,255]",,,,,,,属性,读写,,,,,lorawan_configuration_settings.multicast_group_settings.group_4_enable,bool,,,,,,,,,,FALSE
组播地址,Multicast Address,否,,,,lorawan_config.multicast_group_settings.group4,组播群组 4,Multicast Group 4 Settings,,,,,,否,,0xCF,,0,4,,,string,impl,lorawan_group_cmd：0x9B,,,,,,44444444,,,,不限制,,,,小端,8,hex,属性,读写,,,,,lorawan_configuration_settings.multicast_group_settings.group_4_devaddr,string,8,8,,,,,,,,FALSE
组播应用会话密钥,McAppSKey,否,,,,lorawan_config.multicast_group_settings.group4,组播群组 4,Multicast Group 4 Settings,,,,,,否,,0xCF,,0,16,,,string,impl,lorawan_group_cmd：0xAF,,,,,,5572404c696e6b4c6f52613230313826,,,,不限制,,,,,32,hex,属性,只写,,,,,lorawan_configuration_settings.multicast_group_settings.group_4_appskey,string,32,32,,,,,,,,FALSE
组播网络会话密钥,McNetSKey,否,,,,lorawan_config.multicast_group_settings.group4,组播群组 4,Multicast Group 4 Settings,,,,,,否,,0xCF,,0,16,,,string,impl,lorawan_group_cmd：0x9F,,,,,,5572404c696e6b4c6f52613230313826,,,,不限制,,,,,32,hex,属性,只写,,,,,lorawan_configuration_settings.multicast_group_settings.group_4_nwkskey,string,32,32,,,,,,,,FALSE
打开接收窗口周期,Ping Slot Periodicity,否,,,,lorawan_config.multicast_group_settings.group4,组播群组 4,Multicast Group 4 Settings,,,,,,否,,0xCF,,0,1,,,uint8,impl,lorawan_group_cmd：0x95,,,,"0：1s
1：2s
2：4s
3：8s
4：16s
5：32s
6：64s
7：128s","0：1s
1：2s
2：4s
3：8s
4：16s
5：32s
6：64s
7：128s",2,,,,"[0,255]",,,,,,,属性,读写,,,,,lorawan_configuration_settings.multicast_group_settings.group_4_pingslot_periodicity,enum,,,,,,,,,,FALSE
组播速率,Multicast Data Rate,否,,,,lorawan_config.multicast_group_settings.group4,组播群组 4,Multicast Group 4 Settings,,,,,,否,,0xCF,,0,1,,,uint8,impl,lorawan_group_cmd：0x96,,,,"0：DR0(SF12,125kHz)
1：DR1(SF11,125kHz)
2：DR2(SF10,125kHz)
3：DR3(SF9,125kHz)
4：DR4(SF8,125kHz)
5：DR5(SF7,125kHz)","0：DR0(SF12,125kHz)
1：DR1(SF11,125kHz)
2：DR2(SF10,125kHz)
3：DR3(SF9,125kHz)
4：DR4(SF8,125kHz)
5：DR5(SF7,125kHz)",2,,,,"[0,255]",,,,,,,属性,读写,,,,,lorawan_configuration_settings.multicast_group_settings.group_4_data_rate,enum,,,,,,,,,,FALSE
组播频率,Multicast Frequency,否,,,,lorawan_config.multicast_group_settings.group4,组播群组 4,Multicast Group 4 Settings,,,,,,否,,0xCF,,0,4,,,uint32,impl,lorawan_group_cmd：0x97,,,,,,869.525,,,,"[0,4294967295]",6,0.000001,MHz,,,,属性,读写,,,,,lorawan_configuration_settings.multicast_group_settings.group_4_frequency,double,,,,,,,,,,FALSE
D2D密钥,D2D Key,否,,,,lorawan_config.d2d_settings,D2D 设置,D2D Settings,,,,18,,否,,0xCF,,0,16,,,string,impl,lorawan_cmd：0xE0,,,,,,5572404c696e6b4c6f52613230313823,,,,不限制,,,,,32,hex,属性,只写,,,,,lorawan_configuration_settings.d2d_key,string,32,32,,,,,,,,FALSE
占空比使能,Duty Cycle Enable,否,,,,lorawan_config,LoRaWAN  设置,LoRaWAN Settings,,,,"根据频段变化
19-1",,否,,0xCF,,0,1,,,uint8,impl,lorawan_cmd：0xC4,,,,"0：禁用
1：启用","0：disable
1：enable",0,,,,"[0,255]",,,,,,,属性,读写,,,,,lorawan_configuration_settings.duty_cycle_enable,bool,,,,,,,,,,FALSE
占空比,Duty cycle,否,,,,lorawan_config,LoRaWAN  设置,LoRaWAN Settings,,,,"未实现
19",,否,,0xCF,,0,4,,,uint32,impl,lorawan_cmd：0xC0,,,,,,0,,,,"[0,4294967295]",,,,,,,属性,读写,,,,,lorawan_configuration_settings.duty_cycle,long,,,,,,,,,,FALSE
物模型版本,TSL Version,否,,,,,,,,,,,是,,,0xDF,,0,2,,,string,,,,,,,,,,,,,,,,,4,hex,属性,只读,,,,,tsl_version,string,4,4,,,,,,,,TRUE
产品名称,Product Name,否,,,,,,,,,,"预配置时可写
无需组key",,,,0xDE,,0,32,,,string,,,,,,,,,,,,,,,,,32,ascii,属性,读写,,,,,product_name,string,32,32,,,,,,,1,TRUE
PN,PN,否,,,,,,,,,,"预配置时可写
无需组key",,,,0xDD,,0,32,,,string,,,,,,,,,,,,,,,,,32,ascii,属性,读写,,,,,product_pn,string,32,32,,,,,,,1,TRUE
SN,SN,否,,,,,,,,,,,,,,0xDB,,0,8,,,string,,,,,,,,,,,,,,,,,16,hex,属性,只读,,,,,product_sn,string,16,16,,,,,,,,TRUE
产品版本,Product Version,否,,,,,,,,,,,是,,,0xDA,,0,8,,,struct,,,,,,,,,,,,,,,,,,,属性,只读,,,,,version,struct,,,,,,,,,,TRUE
硬件版本,Hardware Version,否,,,,,,,,,,0x0102表示V1.2,是,,,0xDA,,0,2,,,string,,,,,,,,,,,,,,,,,4,hex,属性,只读,,,,,version.hardware_version,string,4,4,,,,,,,,TRUE
软件版本,Firmware Version,否,,,,,,,,,,"0x010201020314表示V1.2-r1-a2-u3-t14
0x010200020000表示V1.2-a2",是,,,0xDA,,2,8,,,string,,,,,,,,,,,,,,,,,12,hex,属性,只读,,,,,version.firmware_version,string,12,12,,,,,,,,TRUE
OEM ID,OEM ID,否,,,,,,,,,,"预配置时可写
无需组key",,,,0xD9,,0,2,,,string,,,,,,,,,,,,,,,,,4,hex,属性,读写,,,,,oem_id,string,4,4,,,,,,,,TRUE
产品频段,Product Region,否,,,,,,,,,,AS923M-0H中0表示AS923-1，H表示868M/915M,是,,,0xD8,,0,16,,,string,,,,,,,,,,,,,,,,,16,ascii,属性,只读,,,,,product_frequency_band,string,16,16,,,,,,,1,TRUE
设备信息,Device Information,否,,,,,,,,,,设备烧录的原始产品信息，用于升级校验判断,,,,0xD7,,0,72,,,struct,,,,,,,,,,,,,,,,,,,属性,只读,,,,,device_info,struct,,,,,,,,,1,FALSE
型号,Model,否,,,,,,,,,,,,,,0xD7,,0,8,,,string,,,,,,,,,,,,,,,,,8,ascii,属性,只读,,,,,device_info.model,string,8,8,,,,,,,1,FALSE
子型号1,Sub-model 1,否,,,,,,,,,,,,,,0xD7,,8,16,,,string,,,,,,,,,,,,,,,,,8,ascii,属性,只读,,,,,device_info.submodel_1,string,8,8,,,,,,,1,FALSE
子型号2,Sub-model 2,否,,,,,,,,,,,,,,0xD7,,16,24,,,string,,,,,,,,,,,,,,,,,8,ascii,属性,只读,,,,,device_info.submodel_2,string,8,8,,,,,,,1,FALSE
子型号3,Sub-model 3,否,,,,,,,,,,,,,,0xD7,,24,32,,,string,,,,,,,,,,,,,,,,,8,ascii,属性,只读,,,,,device_info.submodel_3,string,8,8,,,,,,,1,FALSE
子型号4,Sub-model 4,否,,,,,,,,,,,,,,0xD7,,32,40,,,string,,,,,,,,,,,,,,,,,8,ascii,属性,只读,,,,,device_info.submodel_4,string,8,8,,,,,,,1,FALSE
PN1,PN1,否,,,,,,,,,,,,,,0xD7,,40,48,,,string,,,,,,,,,,,,,,,,,8,ascii,属性,只读,,,,,device_info.pn_1,string,8,8,,,,,,,1,FALSE
PN2,PN2,否,,,,,,,,,,,,,,0xD7,,48,56,,,string,,,,,,,,,,,,,,,,,8,ascii,属性,只读,,,,,device_info.pn_2,string,8,8,,,,,,,1,FALSE
PN3,PN3,否,,,,,,,,,,,,,,0xD7,,56,64,,,string,,,,,,,,,,,,,,,,,8,ascii,属性,只读,,,,,device_info.pn_3,string,8,8,,,,,,,1,FALSE
PN4,PN4,否,,,,,,,,,,,,,,0xD7,,64,72,,,string,,,,,,,,,,,,,,,,,8,ascii,属性,只读,,,,,device_info.pn_4,string,8,8,,,,,,,1,FALSE
LoRaWAN状态信息,LoRaWAN Status,否,,,,,,,,,,,,,,0xBF,,0,0,,,struct,,,,,,,,,,,,,,,,,,,事件,只读,info,,,,lorawan_status,struct,,,,,,,,,1,FALSE
LoRaWAN状态信息,LoRaWAN Status,否,,,,,,,,,,,,,,0xBF,,0,1,,,uint8,type,lorawan_status,,,,,,,,,,,,,,,,,参数,只读,,,,,lorawan_status.command,enum,,,,,,,,,1,FALSE
入网状态,Join Status,否,,,,,,,,,,,,,,0xBF,,0,1,,,uint8,impl,lorawan_status：0x00,,,,"0：未入网
1：已入网","0：disconnect
1：connect",,,,,,,,,,,,参数,只读,,,,,lorawan_status.join_status,enum,,,,,,,,,1,FALSE
设备 EUI,Device EUI,否,,,,,,,,,,,,,,0xBF,,0,8,,,string,impl,lorawan_status：0x01,,,,,,,,,,,,,,,16,hex,参数,只读,,,,,lorawan_status.eui,string,16,16,,,,,,,1,FALSE
信号,Signal,否,,,,,,,,,,,,,,0xBF,,0,3,,,struct,impl,lorawan_status：0x02,,,,,,,,,,,,,,,,,参数,只读,,,,,lorawan_status.signal,struct,,,,,,,,,1,FALSE
信号强度,Signal Strength,否,,,,,,,,,,,,,,0xBF,,0,2,,,int16,,,,,,,,,,,,,,,,,,,参数,只读,,,,,lorawan_status.signal.rssi,int,,,,,,,,,1,FALSE
信噪比,SNR,否,,,,,,,,,,,,,,0xBF,,2,3,,,int8,,,,,,,,,,,,,,,,,,,参数,只读,,,,,lorawan_status.signal.snr,int,,,,,,,,,1,FALSE
通道掩码,Channel Mask,否,,,,,,,,,,0x00ff00000000000000000000解码成 8~15,是,,,0xBF,,0,12,,,string,impl,lorawan_status：0x03,,,,,,,,,,,,,,小端,24,hex,参数,只读,,,,,lorawan_status.channel_mask,string,24,24,,,,,,,1,FALSE
帧计数,Frame Counter,否,,,,,,,,,,,,,,0xBF,,0,8,,,struct,impl,lorawan_status：0x04,,,,,,,,,,,,,,,,,参数,只读,,,,,lorawan_status.frame_counter,struct,,,,,,,,,1,FALSE
上行帧计数,Uplink Frame Counter,否,,,,,,,,,,,,,,0xBF,,0,4,,,uint32,,,,,,,,0,,0,4294967295,,,,,,,,参数,只读,,,,,lorawan_status.frame_counter.uplink,long,,,,,,,,,1,FALSE
下行帧计数,Downlink Frame Counter,否,,,,,,,,,,,,,,0xBF,,4,8,,,uint32,,,,,,,,0,,0,4294967295,,,,,,,,参数,只读,,,,,lorawan_status.frame_counter.downlink,long,,,,,,,,,1,FALSE
设备时间,Device Time,否,,,,,,,,,,,,,,0xB9,,0,12,,,struct,,,,,,,,,,,,,,,,,,,事件,只读,info,,,,device_time,struct,,,,,,,,,1,FALSE
当前时间,Current Time,否,,,,,,,,,,设备实时时间,,,,0xB9,,0,4,,,uint32,,,,,,,,,,,,,,,s,,,,参数,只读,,,,,device_time.current_time,date,,,,,,,,,1,FALSE
运行时间,Operation Time,否,,,,,,,,,,隐藏信息,,,,0xB9,,4,8,,,uint32,,,,,,,,,,,,,,,s,,,,参数,只读,,,,,device_time.running_time,date,,,,,,,,,1,FALSE
上电时间,Power-On Time,否,,,,,,,,,,隐藏信息,,,,0xB9,,8,12,,,uint32,,,,,,,,,,,,,,,s,,,,参数,只读,,,,,device_time.power_on_time,date,,,,,,,,,1,FALSE
电池状态,Battery Status,否,,,,,,,,,,隐藏信息,,,,0xB8,,0,16,,,struct,,,,,,,,,,,,,,,,,,,事件,只读,info,,,,battery_info,struct,,,,,,,,,1,TRUE
电池容量,Battery Capacity,否,,,,,,,,,,隐藏信息,,,,0xB8,,0,4,,,uint32,,,,,,,,,,,,,3,0.001,ma*h,,,,参数,只读,,,,,battery_info.battery_capacity,double,,,,,,,,,1,FALSE
电池消耗,Battery Drain,否,,,,,,,,,,隐藏信息,,,,0xB8,,4,8,,,uint32,,,,,,,,,,,,,3,0.001,ma*h,,,,参数,只读,,,,,battery_info.battery_consumption,double,,,,,,,,,1,FALSE
当前电量,Current Battery,否,,,,,,,,,,隐藏信息,,,,0xB8,,8,12,,,uint32,,,,,,,,,,,,,3,0.001,ma*h,,,,参数,只读,,,,,battery_info.battery_left,double,,,,,,,,,1,FALSE
当前电压,Battery Voltage,否,,,,,,,,,,隐藏信息,,,,0xB8,,12,14,,,uint16,,,,,,,,,,,,,3,0.001,v,,,,参数,只读,,,,,battery_info.battery_voltage,double,,,,,,,,,1,FALSE
当前电池状态,Current Battery Status,否,,,,,,,,,,"隐藏信息
电池状态，比如处于充电中",,,,0xB8,,14,16,,,string,,,,,,,,,,,,,,,,,4,hex,参数,只读,,,,,battery_info.current_battery_status,string,,,4,,,,,,1,TRUE
电池电量,Battery,否,,,,,,,,,,,,,,0x00,,0,1,,,uint8,,,,,,,,,,0,100,,,,%,,,,属性,只读,,,,,battery,int,,,,,,,,,,TRUE
数据来源,Data Source,是,,,,,,,,,,,,,,0x04,,0,1,,,uint8,,,,,,"0：内部
1：外部NTC
2：LoRaWAN接收
3：D2D接收","0：Internal
1：External NTC
2：LoRaWAN Reception
3：D2D Reception",0,,,,,,,,,,,属性,只读,,,,,data_source,enum,,,,,,,,,,TRUE
温度,Temperature,是,,,,,,,,,,,,,,0x01,,0,2,,,int16,,,,,,,,,,-20,60,,2,0.01,℃,,,,属性,只读,,,,,temperature,float,,,,,,,,,,TRUE
湿度,Humidity,是,,,,,,,,,,,,,,0x02,,0,2,,,uint16,,,,,,,,,,0,100,,1,0.1,%,,,,属性,只读,,,,,humidity,float,,,,,,,,,,TRUE
目标温度,Target Temperature,是,,,,,,,,,,,,,,0x03,,0,2,,,int16,,,,,,,,,,5,35,,2,0.01,℃,,,,属性,只读,,,,,target_temperature,float,,,,,,,,,,TRUE
温控信息,Temperature Control Status,是,,,,,,,,,,,,,,0x05,,0,1,,,struct,,,,,,,,,,,,,,,,,,,属性,只读,,,,,temperature_control_info,struct,,,,,,,,,,TRUE
温控模式,Temperature Control Mode,是,,,,,,,,,,,,,,0x05,,0,1,4,8,uint8,,,,,,"0：通风
1：制热
2：制冷","0：Ventilation
1：Heat
2：Cool",1,,,,,,,,,,,属性,只读,,,,,temperature_control_info.mode,enum,,,,,,,,,,TRUE
温控状态,Temperature Control Status,是,,,,,,,,,,,,,,0x05,,0,1,0,4,uint8,,,,,,"0：待机
1：制热
2：制冷
3：关闭","0：Standby
1:Heat
2:Cool
3：Off",0,,,,,,,,,,,属性,只读,,,,,temperature_control_info.status,enum,,,,,,,,,,TRUE
阀门状态,Valve Status,是,,,,,,,,,"WT303,
WT303-ZH,
WT303-FLAT-FL,
WT303-BK,
WT303-ZG",,,,,0x06,,0,1,,,uint8,,,,,,"0：关
100：开","0：Close
100：Open",0,,,,,,,,,,,属性,只读,,,,,temperature_control_valve_status,enum,,,,,,,,,,TRUE
阀门状态,Valve Status,是,,,,,,,,,"WT304,
WT304-BK,
WT304-ZH,
WT304-ZG",,,,,0x06,,0,1,,,uint8,,,,,,,,0,,0,100,,,,%,,,,属性,只读,,,,,temperature_control_valve_status,int,,,,,,,,,,FALSE
风扇状态,Fan Status,是,,,,,,,,,,,,,,0x07,,0,1,,,struct,,,,,,,,,,,,,,,,,,,属性,只读,,,,,fan_control_info,struct,,,,,,,,,,TRUE
风扇模式,Fan Mode,是,,,,,,,,,,,,,,0x07,,0,1,4,8,uint8,,,,,,"0：自动
1：低速
2：中速
3：高速","0: Auto
1: Low
2: Medium
3: High",0,,,,,,,,,,,属性,只读,,,,,fan_control_info.mode,enum,,,,,,,,,,TRUE
风扇状态,Fan Status,是,,,,,,,,,,,,,,0x07,,0,1,0,4,uint8,,,,,,"0：关
1：低速
2：中速
3：高速","0：Off
1: Low
2: Medium
3: High",0,,,,,,,,,,,属性,只读,,,,,fan_control_info.status,enum,,,,,,,,,,TRUE
计划,Schedule,是,,,,,,,,,,,,,,0x08,,0,1,,,uint8,,,,,,"0：计划1
1：计划2
2：计划3
3：计划4
4：计划5
5：计划6
6：计划7
7：计划8
8：计划9
9：计划10
10：计划11
11：计划12
12：计划13
13：计划14
14：计划15
15：计划16
255：未执行","0：Schedule1
1：Schedule2
2：Schedule3
3：Schedule4
4：Schedule5
5：Schedule6
6：Schedule7
7：Schedule8
8：Schedule9
9：Schedule10
10：Schedule11
11：Schedule12
12：Schedule13
13：Schedule14
14：Schedule15
15：Schedule16
255：Not executed",255,,,,,,,,,,,属性,只读,,,,,execution_plan_id,enum,,,,,,,,,,TRUE
温度告警,Temperature  Alarm,是,,,,,,,,,,,,,,0x09,,0,0,,,struct,,,,,,,,,,,,,,,,,,,事件,只读,warn,,,,temperature_alarm,struct,,,,,,,,,,TRUE
告警类型,Alarm Type,否,,,,,,,,,,,,,,0x09,,0,1,,,uint8,type(one_of),temperature_alarm_type,,,,,,,,,,,,,,,,,参数,只读,,,,,temperature_alarm.type,enum,,,,,,,,,,TRUE
采集错误,Collection Error,是,,,,,,,,,,,,,,0x09,,0,0,,,struct,impl,temperature_alarm_type：0x00,,,,,,,,,,,,,,,,,参数,只读,,,,,temperature_alarm.collection_error,struct,,,,,,,,,,TRUE
超量程下限,Exceed the Range Lower Limit,是,,,,,,,,,,,,,,0x09,,0,0,,,struct,impl,temperature_alarm_type：0x01,,,,,,,,,,,,,,,,,参数,只读,,,,,temperature_alarm.lower_range_error,struct,,,,,,,,,,TRUE
超量程上限,Exceed the Range Upper Limit,是,,,,,,,,,,,,,,0x09,,0,0,,,struct,impl,temperature_alarm_type：0x02,,,,,,,,,,,,,,,,,参数,只读,,,,,temperature_alarm.over_range_error,struct,,,,,,,,,,TRUE
无数据,No Data,是,,,,,,,,,,,,,,0x09,,0,0,,,struct,impl,temperature_alarm_type：0x03,,,,,,,,,,,,,,,,,参数,只读,,,,,temperature_alarm.no_data,struct,,,,,,,,,,TRUE
值小于告警解除,Temperature Below Alarm Released,是,,,,,,,,,,,,,,0x09,,0,2,,,struct,impl,temperature_alarm_type：0x10,,,,,,,,,,,,,,,,,参数,只读,,,,,temperature_alarm.lower_range_alarm_deactivation,struct,,,,,,,,,,TRUE
温度,Temperature,是,,,,,,,,,,,,,,0x09,,0,2,,,int16,,,,,,,,,,-20,60,,2,0.01,℃,,,,参数,只读,,,,,temperature_alarm.lower_range_alarm_deactivation.temperature,float,,,,temperature,,,,,,TRUE
值小于告警,Temperature Below Alarm,是,,,,,,,,,,,,,,0x09,,0,2,,,struct,impl,temperature_alarm_type：0x11,,,,,,,,,,,,,,,,,参数,只读,,,,,temperature_alarm.lower_range_alarm_trigger,struct,,,,,,,,,,TRUE
温度,Temperature,是,,,,,,,,,,,,,,0x09,,0,2,,,int16,,,,,,,,,,-20,60,,2,0.01,℃,,,,参数,只读,,,,,temperature_alarm.lower_range_alarm_trigger.temperature,float,,,,temperature,,,,,,TRUE
值大于告警解除,Temperature Above Alarm Released,是,,,,,,,,,,,,,,0x09,,0,2,,,struct,impl,temperature_alarm_type：0x12,,,,,,,,,,,,,,,,,参数,只读,,,,,temperature_alarm.over_range_alarm_deactivation,struct,,,,,,,,,,TRUE
温度,Temperature,是,,,,,,,,,,,,,,0x09,,0,2,,,int16,,,,,,,,,,-20,60,,2,0.01,℃,,,,参数,只读,,,,,temperature_alarm.over_range_alarm_deactivation.temperature,float,,,,temperature,,,,,,TRUE
值大于告警,Temperature Above Alarm,是,,,,,,,,,,,,,,0x09,,0,2,,,struct,impl,temperature_alarm_type：0x13,,,,,,,,,,,,,,,,,参数,只读,,,,,temperature_alarm.over_range_alarm_trigger,struct,,,,,,,,,,TRUE
温度,Temperature,是,,,,,,,,,,,,,,0x09,,0,2,,,int16,,,,,,,,,,-20,60,,2,0.01,℃,,,,参数,只读,,,,,temperature_alarm.over_range_alarm_trigger.temperature,float,,,,temperature,,,,,,TRUE
值介于告警解除,Temperature Between Alarm Released,是,,,,,,,,,,,,,,0x09,,0,2,,,struct,impl,temperature_alarm_type：0x14,,,,,,,,,,,,,,,,,参数,只读,,,,,temperature_alarm.within_range_alarm_deactivation,struct,,,,,,,,,,TRUE
温度,Temperature,是,,,,,,,,,,,,,,0x09,,0,2,,,int16,,,,,,,,,,-20,60,,2,0.01,℃,,,,参数,只读,,,,,temperature_alarm.within_range_alarm_deactivation.temperature,float,,,,temperature,,,,,,TRUE
值介于告警,Temperature Between Alarm,是,,,,,,,,,,,,,,0x09,,0,2,,,struct,impl,temperature_alarm_type：0x15,,,,,,,,,,,,,,,,,参数,只读,,,,,temperature_alarm.within_range_alarm_trigger,struct,,,,,,,,,,TRUE
温度,Temperature,是,,,,,,,,,,,,,,0x09,,0,2,,,int16,,,,,,,,,,-20,60,,2,0.01,℃,,,,参数,只读,,,,,temperature_alarm.within_range_alarm_trigger.temperature,float,,,,temperature,,,,,,TRUE
值之外告警解除,Exceed Tolerance Alarm Released,是,,,,,,,,,,,,,,0x09,,0,2,,,struct,impl,temperature_alarm_type：0x16,,,,,,,,,,,,,,,,,参数,只读,,,,,temperature_alarm.exceed_range_alarm_deactivation,struct,,,,,,,,,,TRUE
温度,Temperature,是,,,,,,,,,,,,,,0x09,,0,2,,,int16,,,,,,,,,,-20,60,,2,0.01,℃,,,,参数,只读,,,,,temperature_alarm.exceed_range_alarm_deactivation.temperature,float,,,,temperature,,,,,,TRUE
值之外告警,Exceed Tolerance Alarm,是,,,,,,,,,,,,,,0x09,,0,2,,,struct,impl,temperature_alarm_type：0x17,,,,,,,,,,,,,,,,,参数,只读,,,,,temperature_alarm.exceed_range_alarm_trigger,struct,,,,,,,,,,TRUE
温度,Temperature,是,,,,,,,,,,,,,,0x09,,0,2,,,int16,,,,,,,,,,-20,60,,2,0.01,℃,,,,参数,只读,,,,,temperature_alarm.exceed_range_alarm_trigger.temperature,float,,,,temperature,,,,,,TRUE
持续低温告警解除,Persistent Low Temperature Alarm Released,是,,,,,,,,,,,,,,0x09,,0,2,,,struct,impl,temperature_alarm_type：0x20,,,,,,,,,,,,,,,,,参数,只读,,,,,temperature_alarm.persistent_low_temperature_alarm_deactivation,struct,,,,,,,,,,TRUE
温度,Temperature,是,,,,,,,,,,,,,,0x09,,0,2,,,int16,,,,,,,,,,-20,60,,2,0.01,℃,,,,参数,只读,,,,,temperature_alarm.persistent_low_temperature_alarm_deactivation.temperature,float,,,,temperature,,,,,,TRUE
持续低温告警,Persistent Low Temperature Alarm,是,,,,,,,,,,,,,,0x09,,0,2,,,struct,impl,temperature_alarm_type：0x21,,,,,,,,,,,,,,,,,参数,只读,,,,,temperature_alarm.persistent_low_temperature_alarm_trigger,struct,,,,,,,,,,TRUE
温度,Temperature,是,,,,,,,,,,,,,,0x09,,0,2,,,int16,,,,,,,,,,-20,60,,2,0.01,℃,,,,参数,只读,,,,,temperature_alarm.persistent_low_temperature_alarm_trigger.temperature,float,,,,temperature,,,,,,TRUE
持续高温告警解除,Persistent High Temperature Alarm Released,是,,,,,,,,,,,,,,0x09,,0,2,,,struct,impl,temperature_alarm_type：0x22,,,,,,,,,,,,,,,,,参数,只读,,,,,temperature_alarm.persistent_high_alarm_deactivation,struct,,,,,,,,,,TRUE
温度,Temperature,是,,,,,,,,,,,,,,0x09,,0,2,,,int16,,,,,,,,,,-20,60,,2,0.01,℃,,,,参数,只读,,,,,temperature_alarm.persistent_high_alarm_deactivation.temperature,float,,,,temperature,,,,,,TRUE
持续高温告警,Persistent High Temperature Alarm Released,是,,,,,,,,,,,,,,0x09,,0,2,,,struct,impl,temperature_alarm_type：0x23,,,,,,,,,,,,,,,,,参数,只读,,,,,temperature_alarm.persistent_high_alarm_trigger,struct,,,,,,,,,,TRUE
温度,Temperature,是,,,,,,,,,,,,,,0x09,,0,2,,,int16,,,,,,,,,,-20,60,,2,0.01,℃,,,,参数,只读,,,,,temperature_alarm.persistent_high_alarm_trigger.temperature,float,,,,temperature,,,,,,TRUE
防冻保护解除,Freeze Protection Alarm Released,是,,,,,,,,,,,,,,0x09,,0,2,,,struct,impl,temperature_alarm_type：0x30,,,,,,,,,,,,,,,,,参数,只读,,,,,temperature_alarm.anti_freeze_protection_deactivation,struct,,,,,,,,,,TRUE
温度,Temperature,是,,,,,,,,,,,,,,0x09,,0,2,,,int16,,,,,,,,,,-20,60,,2,0.01,℃,,,,参数,只读,,,,,temperature_alarm.anti_freeze_protection_deactivation.temperature,float,,,,temperature,,,,,,TRUE
防冻保护告警,Freeze Protection Alarm,是,,,,,,,,,,,,,,0x09,,0,2,,,struct,impl,temperature_alarm_type：0x31,,,,,,,,,,,,,,,,,参数,只读,,,,,temperature_alarm.anti_freeze_protection_trigger,struct,,,,,,,,,,TRUE
温度,Temperature,是,,,,,,,,,,,,,,0x09,,0,2,,,int16,,,,,,,,,,-20,60,,2,0.01,℃,,,,参数,只读,,,,,temperature_alarm.anti_freeze_protection_trigger.temperature,float,,,,temperature,,,,,,TRUE
开窗解除,Open Window Alarm Released,是,,,,,,,,,,,,,,0x09,,0,2,,,struct,impl,temperature_alarm_type：0x32,,,,,,,,,,,,,,,,,参数,只读,,,,,temperature_alarm.window_status_detection_deactivation,struct,,,,,,,,,,TRUE
温度,Temperature,是,,,,,,,,,,,,,,0x09,,0,2,,,int16,,,,,,,,,,-20,60,,2,0.01,℃,,,,参数,只读,,,,,temperature_alarm.window_status_detection_deactivation.temperature,float,,,,temperature,,,,,,TRUE
开窗告警,Open Window Alarm,是,,,,,,,,,,,,,,0x09,,0,2,,,struct,impl,temperature_alarm_type：0x33,,,,,,,,,,,,,,,,,参数,只读,,,,,temperature_alarm.window_status_detection_trigger,struct,,,,,,,,,,TRUE
温度,Temperature,是,,,,,,,,,,,,,,0x09,,0,2,,,int16,,,,,,,,,,-20,60,,2,0.01,℃,,,,参数,只读,,,,,temperature_alarm.window_status_detection_trigger.temperature,float,,,,temperature,,,,,,TRUE
湿度告警,Humidity Alarm,是,,,,,,,,,,,,,,0x0A,,0,0,,,struct,,,,,,,,,,,,,,,,,,,事件,只读,warn,,,,humidity_alarm,struct,,,,,,,,,,TRUE
告警类型,Alarm Type,否,,,,,,,,,,,,,,0x0A,,0,1,,,uint8,type(one_of),humidity_alarm_type,,,,,,,,,,,,,,,,,参数,只读,,,,,humidity_alarm.type,enum,,,,,,,,,,TRUE
采集错误,Collection Error,是,,,,,,,,,,,,,,0x0A,,0,0,,,struct,impl,humidity_alarm_type：0x00,,,,,,,,,,,,,,,,,参数,只读,,,,,humidity_alarm.collection_error,struct,,,,,,,,,,TRUE
无数据,No Data,是,,,,,,,,,,,,,,0x0A,,0,0,,,struct,impl,humidity_alarm_type：0x03,,,,,,,,,,,,,,,,,参数,只读,,,,,humidity_alarm.no_data,struct,,,,,,,,,,TRUE
目标温度告警,Target Temperature Alarm,是,,,,,,,,,,,,,,0x0B,,0,0,,,struct,,,,,,,,,,,,,,,,,,,事件,只读,warn,,,,target_temperature_alarm,struct,,,,,,,,,,TRUE
告警类型,Alarm Type,否,,,,,,,,,,,,,,0x0B,,0,1,,,uint8,type(one_of),target_temperature_alarm_type,,,,,,,,,,,,,,,,,参数,只读,,,,,target_temperature_alarm.type,enum,,,,,,,,,,TRUE
无数据,No Data,是,,,,,,,,,,,,,,0x0B,,0,0,,,struct,impl,target_temperature_alarm_type:0x03,,,,,,,,,,,,,,,,,参数,只读,,,,,target_temperature_alarm.no_data,struct,,,,,,,,,,TRUE
占用状态,Occupied Status,是,,,,,,,,>=1.5,WT303-FLAT-FL,,,,,0x0C,,0,1,,,uint8,,,,,,"0：空闲
1：占用
2：夜间占用","0：Available
1：Occupied
2：Occupied at Night",0,,,,,,,,,,,属性,只读,,,,v1.1,occupied_status,enum,,,,,,,,,,TRUE
温控权限状态,Temperature Control Authority Status,否,,,,,,,,>=1.5,,,,,,0x0D,,0,1,,,uint8,,,,,,"0：恒温器控制
1：远程控制","0: Thermostat Control
1: Remote Control",0,,,,"[0,1]",,,,,,,属性,只读,,,,v1.1,temp_ctrl_auth_status,enum,,,,,,,,,,TRUE
继电器/阀门状态,Relay/Valve Status ,否,,,,,,,,,,,,,,0x10,,0,4,,,struct,,,,,,,,,,,,,,,,,,,属性,只读,,,,,relay_status,struct,,,,,,,,,,TRUE
低速风扇,Fan Low,否,,,,,,,,,,,,,,0x10,,0,4,0,1,uint32,,,,,,"0：断开
1：闭合","0：Open
1：Close",0,,,,,,,,,,,属性,只读,,,,,relay_status.low_status,bool,,,,,,,,,,TRUE
中速风扇,Fan Medium,否,,,,,,,,,,,,,,0x10,,0,4,1,2,uint32,,,,,,"0：断开
1：闭合","0：Open
1：Close",0,,,,,,,,,,,属性,只读,,,,,relay_status.mid_status,bool,,,,,,,,,,TRUE
高速风扇,Fan High,否,,,,,,,,,,,,,,0x10,,0,4,2,3,uint32,,,,,,"0：断开
1：闭合","0：Open
1：Close",0,,,,,,,,,,,属性,只读,,,,,relay_status.high_status,bool,,,,,,,,,,TRUE
阀1,Valve 1,否,,,,,,,,,,,,,,0x10,,0,4,3,4,uint32,,,,,,"0：断开
1：闭合","0：Open
1：Close",0,,,,,,,,,,,属性,只读,,,,,relay_status.valve_1_status,bool,,,,,,,,,,TRUE
阀2,Valve 2,否,,,,,,,,,,,,,,0x10,,0,4,4,5,uint32,,,,,,"0：断开
1：闭合","0：Open
1：Close",0,,,,,,,,,,,属性,只读,,,,,relay_status.valve_2_status,bool,,,,,,,,,,TRUE
预留,Reserved,否,,,,,,,,>=1.5,"WT303-FLAT-FL,
WT303,
WT303-ZG,
WT303-ZH,
WT303-BK",,,,,0x10,,0,4,5,32,uint32,,,0,,,,,,,,,,,,,,,,属性,只读,,,,v1.1,relay_status.reserved,long,,,,,,,,,,TRUE
预留,Reserved,否,,,,,,,,>=1.5,"WT304,
WT304-BK,
WT304-ZH,
WT304-ZG",,,,,0x10,,0,4,5,16,uint32,,,0,,,,,,,,,,,,,,,,属性,只读,,,,v1.1,relay_status.reserved,long,,,,,,,,,,FALSE
AO1占空比,AO1 Duty,否,,,,,,,,>=1.5,"WT304,
WT304-BK,
WT304-ZH,
WT304-ZG",,,,,0x10,,0,4,16,24,uint32,,,,,,,,0,,,,"[0,100]",,,,,,,属性,只读,,,,v1.1,relay_status.ao1_duty,int,,,,,,,,,,FALSE
AO2占空比,AO2 Duty,否,,,,,,,,>=1.5,"WT304,
WT304-BK,
WT304-ZH,
WT304-ZG",,,,,0x10,,0,4,24,32,uint32,,,,,,,,0,,,,"[0,100]",,,,,,,属性,只读,,,,v1.1,relay_status.ao2_duty,int,,,,,,,,,,FALSE
随机密钥,Random key,否,,,,,,,,,,"隐藏信息
表明重置时是否使用随机密钥
无需组key",,,,0xC9,,0,1,,,uint8,,,,,,"0：禁用
1：启用","0：disable
1：enable",0,,,,"[0,1]",,,,,,,属性,读写,,,,,random_key,bool,,,,,,,,,1,TRUE
设备状态,Device Status,否,,,,general_settings,常用设置,General Settings,,,,"不支持
不支持服务器执行开关机，故只读",,,,0xC8,,0,1,,,uint8,,,,,,"0：关机
1：开机","0：Off
1：On",1,,,,"[0,1]",,,,,,,属性,只读,,,,,device_status,bool,,,,,,,,,,TRUE
采集周期,Collecting Interval,是,,,,general_settings,常用设置,General Settings,,,,,,,,0x60,,0,0,,,struct,,,,,,,,,,,,,,,,,,,属性,读写,,,,,collection_interval,struct,,,,,,,,,,TRUE
采集周期单位,Collecting Interval Unit,否,,,,general_settings,常用设置,General Settings,,,,,,,,0x60,,0,1,,,uint8,type(one_of),collecting_interval_unit,,,,"0：秒
1：分","0：second
1：min",0,,,,"[0,1]",,,,,,,属性,读写,,,,,collection_interval.unit,enum,,,,,,,,,,TRUE
采集周期, Collecting Interval,是,,,,general_settings,常用设置,General Settings,,,,,,,,0x60,,0,2,,,uint16,impl,collecting_interval_unit：0x00,,,,,,30,,10,64800,"[10,64800]",,,s,,,,属性,读写,,,,,collection_interval.seconds_of_time,int,,,,,,,,,,TRUE
采集周期,Collecting Interval,否,,,,general_settings,常用设置,General Settings,,,,,,,,0x60,,0,2,,,uint16,impl,collecting_interval_unit：0x01,,,,,,1,,1,1440,"[1,1440]",,,min,,,,属性,读写,,,,,collection_interval.minutes_of_time,int,,,,,,,,,,TRUE
上报周期,Reporting Interval,是,,,,general_settings,常用设置,General Settings,,,,,,,,0x62,,0,0,,,struct,,,,,,,,,,,,,,,,,,,属性,读写,,,,,reporting_interval,struct,,,,,,,,,,TRUE
上报周期单位,Reporting Interval Unit,否,,,,general_settings,常用设置,General Settings,,,,,,,,0x62,,0,1,,,uint8,type(one_of),reporting_interval_unit,,,,"0：秒
1：分","0：second
1：min",1,,,,"[0,1]",,,,,,,属性,读写,,,,,reporting_interval.unit,enum,,,,,,,,,,TRUE
上报周期,Reporting Interval,否,,,,general_settings,常用设置,General Settings,,,,,,,,0x62,,0,2,,,uint16,impl,reporting_interval_unit：0x00,,,,,,600,,10,64800,"[10,64800]",,,s,,,,属性,读写,,,,,reporting_interval.seconds_of_time,int,,,,,,,,,,TRUE
上报周期,Reporting Interval,是,,,,general_settings,常用设置,General Settings,,,,,,,,0x62,,0,2,,,uint16,impl,reporting_interval_unit：0x01,,,,,,10,,1,1440,"[1,1440]",,,min,,,,属性,读写,,,,,reporting_interval.minutes_of_time,int,,,,,,,,,,TRUE
上报周期配置,Reporting Interval Configuration,否,,,,report_interval_cfg,上报周期配置,Reporting Interval Configuration,,>=1.5,,,,,,0xA1,,0,2,,,uint16,,,,,,,,10,,1,1440,"[1,1440]",,,min,,,,属性,读写,,,,v1.1,reporting_interval_cfg,int,,,,,,,,,,TRUE
Auto-P,Auto-P,否,,,,,,,,,,,,,,0xC4,,0,1,,,uint8,,,,,,"0：禁用
1：启用","0：disable
1：enable",1,,,,,,,,,,,属性,读写,,,,,auto_p_enable,bool,,,,,,,,,1,TRUE
继电器/阀门变更上报,Relay/Valve Change Report,否,,,,general_settings,常用设置,General Settings,,,,,,,,0x90,,0,1,,,uint8,,,,,,"0：禁用
1：启用","0：disable
1：enable",0,,,,"[0,1]",,,,,,,属性,读写,,,,,relay_changes_report_enable,bool,,,,,,,,,,TRUE
温度单位,Temperature Unit,是,,,,general_settings,常用设置,General Settings,,,,,,,,0x63,,0,1,,,uint8,,,,,,"0：℃
1：℉","0：℃
1：℉",0,,,,"[0,1]",,,,,,,属性,读写,,,,,temperature_unit,enum,,,,,,,,,,TRUE
温度数据来源,Temperature Data Source,是,,,,general_settings.temperature_source,温度数据来源,Temperature Data Source,,,,,,,,0x85,,0,0,,,struct,,,,,,,,,,,,,,,,,,,属性,读写,,,,,temperature_source,struct,,,,,,,,,,TRUE
温度来源,Temperature Source,是,,,,general_settings.temperature_source,温度数据来源,Temperature Data Source,,,,,,,,0x85,,0,1,,,uint8,type(one_of),temperature_source,,,,"0：内部温度
1：外部NTC
2：LoRa接收
3：D2D接收","0：Embedded Temperature
1：External NTC
2：LoRa Receive
3：D2D Receive",0,,,,"[0,2]",,,,,,,属性,读写,,,,,temperature_source.type,enum,,,,,,,,,,TRUE
LoRa接收,LoRa Receive,是,,,,general_settings.temperature_source,温度数据来源,Temperature Data Source,,,,,,,,0x85,,0,2,,,struct,impl,temperature_source：0x02,,,,,,,,,,,,,,,,,属性,读写,,,,,temperature_source.lorawan_reception,struct,,,,,,,,,,TRUE
超时时间,Timeout,是,,,,general_settings.temperature_source,温度数据来源,Temperature Data Source,,>=1.5,,,,,,0x85,,0,1,,,uint8,,,,,,,,10,,1,60,"[1,60]",,,min,,,,属性,只读,,,,v1.1,temperature_source.lorawan_reception.timeout,int,,,,,,,,,,TRUE
设备掉线设置,Device Offline Settings,是,,,,general_settings.temperature_source,温度数据来源,Temperature Data Source,,>=1.5,,,,,,0x85,,1,2,,,uint8,,,,,,"0：保持控制
1：关闭控制
2：切换内部温度","0: Keep Control
1: Turn Off The Control
2: Switch The Embedded Temperature",0,,,,"[0,2]",,,,,,,属性,只读,,,,v1.1,temperature_source.lorawan_reception.timeout_response,enum,,,,,,,,,,TRUE
D2D接收,D2D Receive,是,,,,general_settings.temperature_source,温度数据来源,Temperature Data Source,,,,,,,,0x85,,0,2,,,struct,impl,temperature_source：0x03,,,,,,,,,,,,,,,,,属性,读写,,,,,temperature_source.d2d_reception,struct,,,,,,,,,,TRUE
超时时间,Timeout,是,,,,general_settings.temperature_source,温度数据来源,Temperature Data Source,,>=1.5,,,,,,0x85,,0,1,,,uint8,,,,,,,,10,,1,60,"[1,60]",,,min,,,,属性,只读,,,,v1.1,temperature_source.d2d_reception.timeout,int,,,,,,,,,,TRUE
设备掉线设置,Device Offline Settings,是,,,,general_settings.temperature_source,温度数据来源,Temperature Data Source,,>=1.5,,,,,,0x85,,1,2,,,uint8,,,,,,"0：保持控制
1：关闭控制
2：切换内部温度","0: Keep Control
1: Turn Off The Control
2: Switch The Embedded Temperature",0,,,,"[0,2]",,,,,,,属性,只读,,,,v1.1,temperature_source.d2d_reception.timeout_response,enum,,,,,,,,,,TRUE
温度数据来源配置,Temperature Data Source Configuration,否,,,,temperature_data_source_cfg,温度数据来源配置,Temperature Data Source Cfg,,>=1.5,,,,,,0xA0,,0,1,,,uint8,,,,,,"0：内部温度
1：外部NTC
2：LoRa接收
3：D2D接收","0：Embedded Temperature
1：External NTC
2：LoRa Receive
3：D2D Receive",0,,,,"[0,3]",,,,,,,属性,读写,,,,v1.1,temperature_data_source_cfg,enum,,,,,,,,,,TRUE
外部数据源超时配置,External Data Source Timeout Configuration,否,,,,external_data_src_timeout_cfg,外部数据源超时配置,External Data Source Timeout Cfg,,>=1.5,,,,,,0xA7,,0,0,,,struct,,,,,,,,,,,,,,,,,,,属性,读写,,,,v1.1,external_data_src_timeout_cfg,struct,,,,,,,,,,TRUE
子命令,Sub-command,否,,,,external_data_src_timeout_cfg,外部数据源超时配置,External Data Source Timeout Cfg,,>=1.5,,,,,,0xA7,,0,1,,,uint8,type,external_data_src_timeout_cfg,,,,,,0,,,,,,,,,,,属性,读写,,,,v1.1,external_data_src_timeout_cfg.cmd,enum,,,,,,,,,,TRUE
超时时间,Timeout,否,,,,external_data_src_timeout_cfg,外部数据源超时配置,External Data Source Timeout Cfg,,>=1.5,,,,,,0xA7,,0,1,,,uint8,impl,external_data_src_timeout_cfg：0x00,,,,,,10,,1,60,"[1,60]",,,min,,,,属性,读写,,,,v1.1,external_data_src_timeout_cfg.timeout,int,,,,,,,,,,TRUE
设备掉线设置,Device Offline Settings,否,,,,external_data_src_timeout_cfg,外部数据源超时配置,External Data Source Timeout Cfg,,>=1.5,,,,,,0xA7,,0,1,,,uint8,impl,external_data_src_timeout_cfg：0x01,,,,"0：保持控制
1：关闭控制
2：切换内部温度","0: Keep Control
1: Turn Off The Control
2: Switch The Embedded Temperature",0,,,,"[0,2]",,,,,,,属性,读写,,,,v1.1,external_data_src_timeout_cfg.timeout_response,enum,,,,,,,,,,TRUE
系统开关控制,System On/Off,是,,,,general_settings.system,常用设置,General Settings,,,,,,,,0x67,,0,1,,,uint8,,,,,,"0：关
1：开","0：Off
1：On",0,,,,"[0,1]",,,,,,,属性,读写,,,,,system_status,enum,,,,,,,,,,TRUE
模式启用,Mode Enable,是,,,,general_settings.temperature_control_settings,温控设置,Temperature Control Settings,,,,,,,,0x64,,0,1,,,uint8,,,,,,"7：通风、制热、制冷
3：通风、制热
5：通风、制冷","7：Ventilation、Heat、Cool
3：Ventilation、Heat
5：Ventilation、Cool",7,,,,"[0,255]",,,,,,,属性,读写,,,,,mode_enable,enum,,,,,,,,,,TRUE
温控模式,Temperature Control Mode,是,,仅可选择【模式启用】中启用的模式,Only modes enabled in [Mode Enable] can be selected,general_settings.temperature_control_settings,温控设置,Temperature Control Settings,,,,,,,,0x68,,0,1,,,uint8,,,,,,"0：通风
1：制热
2：制冷","0：Ventilation
1：Heat
2：Cool",1,,,,"[0,2]",,,,,,,属性,读写,,,,,temperature_control_mode,enum,,,,,,,,,,TRUE
目标温度分辨率,Target Temperature Resolution,是,,,,general_settings.temperature_control_settings.target_temperature_settings,目标温度设置,Target Temperature Settings,,,,,,,,0x69,,0,1,,,uint8,,,,,,"0：0.5
1：1","0：0.5
1：1",0,,,,"[0,1]",,,,,,,属性,读写,,,,,target_temperature_resolution,enum,,,,,,,,,,TRUE
制热目标温度,Heating Target Temperature,是,,,,general_settings.temperature_control_settings.target_temperature_settings,目标温度设置,Target Temperature Settings,,,,,,,,0x6b,,0,2,,,int16,,,,,,,,17,,5,35,"[500,3500]",2,0.01,℃,,,,属性,读写,,,,,heating_target_temperature,float,,,,,,,,,,TRUE
制冷目标温度,CoolingTarget Temperature,是,,,,general_settings.temperature_control_settings.target_temperature_settings,目标温度设置,Target Temperature Settings,,,,,,,,0x6c,,0,2,,,int16,,,,,,,,28,,5,35,"[500,3500]",2,0.01,℃,,,,属性,读写,,,,,cooling_target_temperature,float,,,,,,,,,,TRUE
目标温度允差,Target Temperature Tolerance,是,,,,general_settings.temperature_control_settings.target_temperature_settings,目标温度设置,Target Temperature Settings,,,,,,,,0x6a,,0,2,,,int16,,,,,,,,1,,0.1,5,"[10,500]",2,0.01,℃,,,,属性,读写,,,,,target_temperature_tolerance,float,,,,,,,,,,TRUE
制热目标温度调节范围,Heating Target Temperature Regulation Range,是,,,,general_settings.temperature_control_settings.target_temperature_settings.heating_target_temp_range,制热目标温度范围,Heating Target Temp. Range,,>=1.5,"WT303,
WT303-BK,
WT304,
WT304-BK,
WT303-FLAT-FL",,,,,0x6d,,0,4,,,struct,,,,,,,,,,,,,,,,,,,属性,读写,,,,v1.1,heating_target_temperature_range,struct,,,,,,,,,,TRUE
下限值,Min Value,是,,,,general_settings.temperature_control_settings.target_temperature_settings.heating_target_temp_range,制热目标温度范围,Heating Target Temp. Range,,>=1.5,"WT303,
WT303-BK,
WT304,
WT304-BK,
WT303-FLAT-FL",,,,,0x6d,,0,2,,,int16,,,,,,,,10,,5,35,"[500,3500]",2,0.01,℃,,,,属性,读写,,,,v1.1,heating_target_temperature_range.min,float,,,,,,,,,,TRUE
上限值,Max Value,是,,,,general_settings.temperature_control_settings.target_temperature_settings.heating_target_temp_range,制热目标温度范围,Heating Target Temp. Range,,>=1.5,"WT303,
WT303-BK,
WT304,
WT304-BK,
WT303-FLAT-FL",,,,,0x6d,,2,4,,,int16,,,,,,,,19,,5,35,"[500,3500]",2,0.01,℃,,,,属性,读写,,,,v1.1,heating_target_temperature_range.max,float,,,,,,,,,,TRUE
制冷目标温度调节范围,Cooling Target Temperature Regulation Range,是,,,,general_settings.temperature_control_settings.target_temperature_settings.cooling_target_temp_range,制冷目标温度范围,Cooling Target Temp. Range,,>=1.5,"WT303,
WT303-BK,
WT304,
WT304-BK,
WT303-FLAT-FL",,,,,0x6e,,0,4,,,struct,,,,,,,,,,,,,,,,,,,属性,读写,,,,v1.1,cooling_target_temperature_range,struct,,,,,,,,,,TRUE
下限值,Min Value,是,,,,general_settings.temperature_control_settings.target_temperature_settings.cooling_target_temp_range,制冷目标温度范围,Cooling Target Temp. Range,,>=1.5,"WT303,
WT303-BK,
WT304,
WT304-BK,
WT303-FLAT-FL",,,,,0x6e,,0,2,,,int16,,,,,,,,23,,5,35,"[500,3500]",2,0.01,℃,,,,属性,读写,,,,v1.1,cooling_target_temperature_range.min,float,,,,,,,,,,TRUE
上限值,Max Value,是,,,,general_settings.temperature_control_settings.target_temperature_settings.cooling_target_temp_range,制冷目标温度范围,Cooling Target Temp. Range,,>=1.5,"WT303,
WT303-BK,
WT304,
WT304-BK,
WT303-FLAT-FL",,,,,0x6e,,2,4,,,int16,,,,,,,,35,,5,35,"[500,3500]",2,0.01,℃,,,,属性,读写,,,,v1.1,cooling_target_temperature_range.max,float,,,,,,,,,,TRUE
制热目标温度调节范围,Heating Target Temperature Regulation Range,是,,,,general_settings.temperature_control_settings.target_temperature_settings.heating_target_temp_range,制热目标温度范围,Heating Target Temp. Range,,>=1.5,"WT303-ZH,
WT303-ZG,
WT304-ZH,
WT304-ZG",,,,,0x6d,,0,4,,,struct,,,,,,,,,,,,,,,,,,,属性,读写,,,,v1.1,heating_target_temperature_range,struct,,,,,,,,,,FALSE
下限值,Min Value,是,,,,general_settings.temperature_control_settings.target_temperature_settings.heating_target_temp_range,制热目标温度范围,Heating Target Temp. Range,,>=1.5,"WT303-ZH,
WT303-ZG,
WT304-ZH,
WT304-ZG",,,,,0x6d,,0,2,,,int16,,,,,,,,5,,5,35,"[500,3500]",2,0.01,℃,,,,属性,读写,,,,v1.1,heating_target_temperature_range.min,float,,,,,,,,,,FALSE
上限值,Max Value,是,,,,general_settings.temperature_control_settings.target_temperature_settings.heating_target_temp_range,制热目标温度范围,Heating Target Temp. Range,,>=1.5,"WT303-ZH,
WT303-ZG,
WT304-ZH,
WT304-ZG",,,,,0x6d,,2,4,,,int16,,,,,,,,35,,5,35,"[500,3500]",2,0.01,℃,,,,属性,读写,,,,v1.1,heating_target_temperature_range.max,float,,,,,,,,,,FALSE
制冷目标温度调节范围,Cooling Target Temperature Regulation Range,是,,,,general_settings.temperature_control_settings.target_temperature_settings.cooling_target_temp_range,制冷目标温度范围,Cooling Target Temp. Range,,>=1.5,"WT303-ZH,
WT303-ZG,
WT304-ZH,
WT304-ZG",,,,,0x6e,,0,4,,,struct,,,,,,,,,,,,,,,,,,,属性,读写,,,,v1.1,cooling_target_temperature_range,struct,,,,,,,,,,FALSE
下限值,Min Value,是,,,,general_settings.temperature_control_settings.target_temperature_settings.cooling_target_temp_range,制冷目标温度范围,Cooling Target Temp. Range,,>=1.5,"WT303-ZH,
WT303-ZG,
WT304-ZH,
WT304-ZG",,,,,0x6e,,0,2,,,int16,,,,,,,,5,,5,35,"[500,3500]",2,0.01,℃,,,,属性,读写,,,,v1.1,cooling_target_temperature_range.min,float,,,,,,,,,,FALSE
上限值,Max Value,是,,,,general_settings.temperature_control_settings.target_temperature_settings.cooling_target_temp_range,制冷目标温度范围,Cooling Target Temp. Range,,>=1.5,"WT303-ZH,
WT303-ZG,
WT304-ZH,
WT304-ZG",,,,,0x6e,,2,4,,,int16,,,,,,,,35,,5,35,"[500,3500]",2,0.01,℃,,,,属性,读写,,,,v1.1,cooling_target_temperature_range.max,float,,,,,,,,,,FALSE
目标湿度调节范围,Target Humidity Regulation Range,是,,,,general_settings.humidity_range,目标湿度范围,Target Humidity Range,,,,,,,,0x70,,0,4,,,struct,,,,,,,,,,,,,,,,,,,属性,读写,,,,,target_humidity_range,struct,,,,,,,,,,TRUE
下限值,Min Value,是,,,,general_settings.humidity_range,目标湿度范围,Target Humidity Range,,,,,,,,0x70,,0,2,,,uint16,,,,,,,,40,,0,100,"[0,1000]",1,0.1,%,,,,属性,读写,,,,,target_humidity_range.min,float,,,,,,,,,,TRUE
上限值,Max Value,是,,,,general_settings.humidity_range,目标湿度范围,Target Humidity Range,,,,,,,,0x70,,2,4,,,uint16,,,,,,,,80,,0,100,"[0,1000]",1,0.1,%,,,,属性,读写,,,,,target_humidity_range.max,float,,,,,,,,,,TRUE
控温除湿设置,Temp. Control and Dehumidify Settings,是,,,,general_settings.humidity_range,目标湿度范围,Target Humidity Range,,,,,,,,0x6f,,0,3,,,struct,,,,,,,,,,,,,,,,,,,属性,读写,,,,,temperature_control_dehumidification,struct,,,,,,,,,,TRUE
控温除湿,Temp. Control and Dehumidify,是,,,,general_settings.humidity_range,目标湿度范围,Target Humidity Range,,,,,,,,0x6f,,0,1,,,uint8,,,,,,"0：禁用
1：启用","0：disable
1：enable",0,,,,"[0,1]",,,,,,,属性,读写,,,,,temperature_control_dehumidification.enable,bool,,,,,,,,,,TRUE
除湿温度允差,"Temp. Tolerance for Dehumidification
",是,,当达到目标温度后，当达到目标温度后，若环境过湿，系统还会继续工作到除湿允差内或目标湿度范围内,"If the environment remains excessively humid after reaching the target temperature, the system will continue operating until the humidity level falls within the target range or fits the humidity tolerance.",general_settings.humidity_range,目标湿度范围,Target Humidity Range,,,,,,,,0x6f,,1,3,,,int16,,,,,,,,1,,0.1,5,"[10,500]",2,0.01,℃,,,,属性,读写,,,,,temperature_control_dehumidification.temperature_tolerance,float,,,,,,,,,,TRUE
控温除湿配置,Temp Control and Dehumidify Configuration,否,,,,fan_delay_close_cfg,风扇延迟关闭配置,Fan Delay Close Cfg,,>=1.5,,,,,,0x71,,0,0,,,struct,,,,,,,,,,,,,,,,,,,属性,读写,,,,v1.1,temp_ctl_dehumi_cfg,struct,,,,,,,,,,TRUE
子命令,Sub-command,否,,,,fan_delay_close_cfg,风扇延迟关闭配置,Fan Delay Close Cfg,,>=1.5,,,,,,0x71,,0,1,,,uint8,type,temp_ctl_dehumi_cfg,,,,,,0,,,,,,,,,,,属性,读写,,,,v1.1,temp_ctl_dehumi_cfg.cmd,enum,,,,,,,,,,TRUE
控温除湿使能,Temp Control and Dehumidify Enable,否,,,,fan_delay_close_cfg,风扇延迟关闭配置,Fan Delay Close Cfg,,>=1.5,,,,,,0x71,,0,1,,,uint8,impl,temp_ctl_dehumi_cfg：0x00,,,,"0：禁用
1：启用","0：disable
1：enable",0,,,,"[0,1]",,,,,,,属性,读写,,,,v1.1,temp_ctl_dehumi_cfg.enable,bool,,,,,,,,,,TRUE
控温除湿允差,Temp Control and Dehumidify Enable Tolerance,否,,,,fan_delay_close_cfg,风扇延迟关闭配置,Fan Delay Close Cfg,,>=1.5,,,,,,0x71,,0,2,,,uint16,impl,temp_ctl_dehumi_cfg：0x01,,,,,,1,,0.1,5,"[10,500]",2,0.01,℃,,,,属性,读写,,,,v1.1,temp_ctl_dehumi_cfg.temperature_tolerance,float,,,,,,,,,,TRUE
风扇模式,Fan Mode,是,,,,general_settings.fan_settings,风扇设置,Fan Settings,,,,,,,,0x72,,0,1,,,uint8,,,,,,"0：自动
1：低速
2：中速
3：高速","0：Auto
1：Low
2:Medium
3:High",0,,,,"[0,3]",,,,,,,属性,读写,,,,,fan_control_mode,enum,,,,,,,,,,TRUE
风扇延迟,Fan Delay,是,,,,general_settings.fan_settings,风扇设置,Fan Settings,,,,,,,,0x74,,0,3,,,struct,,,,,,,,,,,,,,,,,,,属性,读写,,,,,fan_delay_close,struct,,,,,,,,,,TRUE
风扇延迟,Fan Delay Enable,是,,,,general_settings.fan_settings,风扇设置,Fan Settings,,,,,,,,0x74,,0,1,,,uint8,,,,,,"0：禁用
1：启用","0：disable
1：enable",0,,,,"[0,1]",,,,,,,属性,读写,,,,,fan_delay_close.enable,bool,,,,,,,,,,TRUE
延迟关闭时间,The Duration of Delay,是,,在制冷或制热达到目标温度后，风扇将继续运行一段时间。,"When cooling/heating hits the target temperature, the fan will keep operating for some time",general_settings.fan_settings,风扇设置,Fan Settings,,,,,,,,0x74,,1,3,,,uint16,,,,,,,,60,,30,3600,"[30,3600]",,,s,,,,属性,读写,,,,,fan_delay_close.time,int,,,,,,,,,,TRUE
风扇延迟关闭配置,Fan Delay Close Configuration,否,,,,fan_delay_close_cfg,风扇延迟关闭配置,Fan Delay Close Cfg,,>=1.5,,,,,,0x7f,,0,0,,,struct,,,,,,,,,,,,,,,,,,,属性,读写,,,,v1.1,fan_delay_close_cfg,struct,,,,,,,,,,TRUE
子命令,Sub-command,否,,,,fan_delay_close_cfg,风扇延迟关闭配置,Fan Delay Close Cfg,,>=1.5,,,,,,0x7f,,0,1,,,uint8,type,fan_delay_close_cfg,,,,,,0,,,,,,,,,,,属性,读写,,,,v1.1,fan_delay_close_cfg.cmd,enum,,,,,,,,,,TRUE
风扇延迟关闭使能,Fan Delay Close Enable,否,,,,fan_delay_close_cfg,风扇延迟关闭配置,Fan Delay Close Cfg,,>=1.5,,,,,,0x7f,,0,1,,,uint8,impl,fan_delay_close_cfg：0x00,,,,"0：禁用
1：启用","0：disable
1：enable",0,,,,"[0,1]",,,,,,,属性,读写,,,,v1.1,fan_delay_close_cfg.enable,bool,,,,,,,,,,TRUE
风扇延迟关闭超时时间,Fan Delay Close Timeout Time,否,,,,fan_delay_close_cfg,风扇延迟关闭配置,Fan Delay Close Cfg,,>=1.5,,,,,,0x7f,,0,2,,,uint16,impl,fan_delay_close_cfg：0x01,,,,,,60,,30,3600,"[30,3600]",,,s,,,,属性,读写,,,,v1.1,fan_delay_close_cfg.timeout_time,int,,,,,,,,,,TRUE
自动风扇等级切换设置,Auto Fan Speed Control Delta Settings,是,,,,general_settings.fan_settings.auto_fan_speed_setting,自动风速设置,Auto Fan Speed Setting,,,,,,,,0x73,,0,4,,,struct,,,,,,,,,,,,,,,,,,,属性,读写,,,,,fan_auto_mode_temperature_range,struct,,,,,,,,,,TRUE
ΔT1,ΔT1,是,,当触发温度控制时，环境温度与温控触发温度差值小于ΔT1时则开启低速风扇；当介于ΔT1与ΔT2之间时，则开启中速风扇,"Temperature control and fan are activated. If the difference between the ambient temperature and the temperature control start point is less than ΔT1, low fan is activated.
If the difference is between ΔT1 and ΔT2, medium fan is activated.",general_settings.fan_settings.auto_fan_speed_setting,自动风速设置,Auto Fan Speed Setting,,,,,,,,0x73,,0,2,,,int16,,,,,,,,3,,1,15,"[100,1500]",2,0.01,℃,,,,属性,读写,,,,,fan_auto_mode_temperature_range.speed_range_1,float,,,,,,,,,,TRUE
ΔT2,ΔT2,是,,当触发温度控制时，环境温度与温控触发温度差值大于ΔT2时，则开启高速风扇,"Temperature control and fan are activated. If the difference is greater than ΔT2, high fan is activated.",general_settings.fan_settings.auto_fan_speed_setting,自动风速设置,Auto Fan Speed Setting,,,,,,,,0x73,,2,4,,,int16,,,,,,,,5,,1,15,"[100,1500]",2,0.01,℃,,,,属性,读写,,,,,fan_auto_mode_temperature_range.speed_range_2,float,,,,,,,,,,TRUE
风扇等级切换配置,Fan Speed Control Delta Configuration,否,,,,fan_speed_ctl_delta_cfg,风扇等级切换配置,Fan Speed Control Delta Configuration,,>=1.5,,,,,,0x9f,,0,0,,,struct,,,,,,,,,,,,,,,,,,,属性,读写,,,,v1.1,fan_speed_ctl_delta_cfg,struct,,,,,,,,,,TRUE
子命令,Sub-command,否,,,,fan_speed_ctl_delta_cfg,风扇等级切换配置,Fan Speed Control Delta Configuration,,>=1.5,,,,,,0x9f,,0,1,,,uint8,type,fan_speed_ctl_delta_cfg,,,,,,0,,,,,,,,,,,属性,读写,,,,v1.1,fan_speed_ctl_delta_cfg.cmd,enum,,,,,,,,,,TRUE
ΔT1,ΔT1,否,,,,fan_speed_ctl_delta_cfg,风扇等级切换配置,Fan Speed Control Delta Configuration,,>=1.5,,,,,,0x9f,,0,2,,,int16,impl,fan_speed_ctl_delta_cfg：0x00,,,,,,3,,1,15,"[100,1500]",2,0.01,℃,,,,属性,读写,,,,v1.1,fan_speed_ctl_delta_cfg.delta1,float,,,,,,,,,,TRUE
ΔT2,ΔT2,否,,,,fan_speed_ctl_delta_cfg,风扇等级切换配置,Fan Speed Control Delta Configuration,,>=1.5,,,,,,0x9f,,0,2,,,int16,impl,fan_speed_ctl_delta_cfg：0x01,,,,,,5,,1,15,"[100,1500]",2,0.01,℃,,,,属性,读写,,,,v1.1,fan_speed_ctl_delta_cfg.delta2,float,,,,,,,,,,TRUE
定时系统开关,Timer Switch System,是,,请勿将系统开与系统关配置为同一时间点执行,Do not configure the System On and System Off at the same time. ,general_settings.timer_switch_system,定时系统开关,Timer Switch System,,,,,,,,0x8c,,0,0,,,struct,,,,,,,,,,,,,,,,,,,属性,读写,,,,,timed_system_control,struct,,,,,,,,,,TRUE
子命令,Sub-command,否,,,,general_settings.timer_switch_system,定时系统开关,Timer Switch System,,,,,,,,0x8c,,0,1,,,uint8,type,auto_power,,,,,,0,,,,,,,,,,,属性,读写,,,,,timed_system_control.command,enum,,,,,,,,,,TRUE
定时开关使能,Timer Switch Enable,是,,,,general_settings.timer_switch_system,定时系统开关,Timer Switch System,,,,,,,,0x8c,,0,1,,,uint8,impl,auto_power：0x00,,,,"0：禁用
1：启用","0：disable
1：enable",0,,,,"[0,1]",,,,,,,属性,读写,,,,,timed_system_control.enable,bool,,,,,,,,,,TRUE
定时开,On Time Setting,是,,,,general_settings.timer_switch_system.on,定时开,On Time Setting,,,,,,,,0x8c,,0,5,,,array,separate,auto_power：0x01,,,struct,,,,,,,,,,,,,,属性,读写,,,,,timed_system_control.start_cycle_settings,array,,,4,,,,,,,TRUE
时间配置,Time Configuration,是,,,,general_settings.timer_switch_system.on,定时开,On Time Setting,,,,,,,,0x8c,,0,5,,,struct,,,,,,,,,,,,,,,,,,,属性,读写,,,,,timed_system_control.start_cycle_settings._item,struct,,,,,,,,,,TRUE
时间序号,Time ID,否,,,,general_settings.timer_switch_system.on,定时开,On Time Setting,,,,,,,,0x8c,,0,1,,,uint8,index,,,,,,,0,,0,3,,,,,,,,属性,读写,,,,,timed_system_control.start_cycle_settings._item.id,int,,,,,,,,,,TRUE
使能,Enable,是,,,,general_settings.timer_switch_system.on,定时开,On Time Setting,,,,,,,,0x8c,,1,2,,,uint8,,,,,,"0：禁用
1：启用","0：disable
1：enable",0,,,,"[0,1]",,,,,,,属性,读写,,,,,timed_system_control.start_cycle_settings._item.enable,bool,,,,,,,,,,TRUE
时间,Time,是,,,,general_settings.timer_switch_system.on,定时开,On Time Setting,,,,,,,,0x8c,,2,4,,,uint16,,,,,,,,0,,,,"[0,1439]",,,min,,,,属性,读写,,,,,timed_system_control.start_cycle_settings._item.execution_time_point,local_time,,,,,,,,,,TRUE
周日,Sun.,是,,,,general_settings.timer_switch_system.on,定时开,On Time Setting,,,,,,,,0x8c,,4,5,0,1,uint8,,,,,,"0：禁用
1：启用","0：disable
1：enable",0,,,,"[0,1]",,,,,,,属性,读写,,,,,timed_system_control.start_cycle_settings._item.execution_day_sun,bool,,,,,,,,,,TRUE
周一,Mon.,是,,,,general_settings.timer_switch_system.on,定时开,On Time Setting,,,,,,,,0x8c,,4,5,1,2,uint8,,,,,,"0：禁用
1：启用","0：disable
1：enable",0,,,,"[0,1]",,,,,,,属性,读写,,,,,timed_system_control.start_cycle_settings._item.execution_day_mon,bool,,,,,,,,,,TRUE
周二,Tues.,是,,,,general_settings.timer_switch_system.on,定时开,On Time Setting,,,,,,,,0x8c,,4,5,2,3,uint8,,,,,,"0：禁用
1：启用","0：disable
1：enable",0,,,,"[0,1]",,,,,,,属性,读写,,,,,timed_system_control.start_cycle_settings._item.execution_day_tues,bool,,,,,,,,,,TRUE
周三,Wed.,是,,,,general_settings.timer_switch_system.on,定时开,On Time Setting,,,,,,,,0x8c,,4,5,3,4,uint8,,,,,,"0：禁用
1：启用","0：disable
1：enable",0,,,,"[0,1]",,,,,,,属性,读写,,,,,timed_system_control.start_cycle_settings._item.execution_day_wed,bool,,,,,,,,,,TRUE
周四,Thur.,是,,,,general_settings.timer_switch_system.on,定时开,On Time Setting,,,,,,,,0x8c,,4,5,4,5,uint8,,,,,,"0：禁用
1：启用","0：disable
1：enable",0,,,,"[0,1]",,,,,,,属性,读写,,,,,timed_system_control.start_cycle_settings._item.execution_day_thu,bool,,,,,,,,,,TRUE
周五,Fri.,是,,,,general_settings.timer_switch_system.on,定时开,On Time Setting,,,,,,,,0x8c,,4,5,5,6,uint8,,,,,,"0：禁用
1：启用","0：disable
1：enable",0,,,,"[0,1]",,,,,,,属性,读写,,,,,timed_system_control.start_cycle_settings._item.execution_day_fri,bool,,,,,,,,,,TRUE
周六,Sat.,是,,,,general_settings.timer_switch_system.on,定时开,On Time Setting,,,,,,,,0x8c,,4,5,6,7,uint8,,,,,,"0：禁用
1：启用","0：disable
1：enable",0,,,,"[0,1]",,,,,,,属性,读写,,,,,timed_system_control.start_cycle_settings._item.execution_day_sat,bool,,,,,,,,,,TRUE
预留,Reserved,否,,,,general_settings.timer_switch_system.on,定时开,On Time Setting,,,,,,,,0x8c,,4,5,7,8,uint8,,,0,,,,,,,,,,,,,,,,属性,读写,,,,,timed_system_control.start_cycle_settings._item.reserved,bool,,,,,,,,,,TRUE
定时关,Off Time Setting,是,,,,general_settings.timer_switch_system.off,定时关,Off Time Setting,,,,,,,,0x8c,,0,5,,,array,separate,auto_power：0x02,,,struct,,,,,,,,,,,,,,属性,读写,,,,,timed_system_control.end_cycle_settings,array,,,4,,,,,,,TRUE
时间配置,Time Configuration,是,,,,general_settings.timer_switch_system.off,定时关,Off Time Setting,,,,,,,,0x8c,,0,5,,,struct,,,,,,,,,,,,,,,,,,,属性,读写,,,,,timed_system_control.end_cycle_settings._item,struct,,,,,,,,,,TRUE
时间序号,Time ID,否,,,,general_settings.timer_switch_system.off,定时关,Off Time Setting,,,,,,,,0x8c,,0,1,,,uint8,index,,,,,,,0,,0,3,,,,,,,,属性,读写,,,,,timed_system_control.end_cycle_settings._item.id,int,,,,,,,,,,TRUE
使能,Enable,是,,,,general_settings.timer_switch_system.off,定时关,Off Time Setting,,,,,,,,0x8c,,1,2,,,uint8,,,,,,"0：禁用
1：启用","0：disable
1：enable",0,,,,"[0,1]",,,,,,,属性,读写,,,,,timed_system_control.end_cycle_settings._item.enable,bool,,,,,,,,,,TRUE
时间,Time,是,,,,general_settings.timer_switch_system.off,定时关,Off Time Setting,,,,,,,,0x8c,,2,4,,,uint16,,,,,,,,0,,,,"[0,1439]",,,min,,,,属性,读写,,,,,timed_system_control.end_cycle_settings._item.execution_time_point,local_time,,,,,,,,,,TRUE
周日,Sun.,是,,,,general_settings.timer_switch_system.off,定时关,Off Time Setting,,,,,,,,0x8c,,4,5,0,1,uint8,,,,,,"0：禁用
1：启用","0：disable
1：enable",0,,,,"[0,1]",,,,,,,属性,读写,,,,,timed_system_control.end_cycle_settings._item.execution_day_sun,bool,,,,,,,,,,TRUE
周一,Mon.,是,,,,general_settings.timer_switch_system.off,定时关,Off Time Setting,,,,,,,,0x8c,,4,5,1,2,uint8,,,,,,"0：禁用
1：启用","0：disable
1：enable",0,,,,"[0,1]",,,,,,,属性,读写,,,,,timed_system_control.end_cycle_settings._item.execution_day_mon,bool,,,,,,,,,,TRUE
周二,Tues.,是,,,,general_settings.timer_switch_system.off,定时关,Off Time Setting,,,,,,,,0x8c,,4,5,2,3,uint8,,,,,,"0：禁用
1：启用","0：disable
1：enable",0,,,,"[0,1]",,,,,,,属性,读写,,,,,timed_system_control.end_cycle_settings._item.execution_day_tues,bool,,,,,,,,,,TRUE
周三,Wed.,是,,,,general_settings.timer_switch_system.off,定时关,Off Time Setting,,,,,,,,0x8c,,4,5,3,4,uint8,,,,,,"0：禁用
1：启用","0：disable
1：enable",0,,,,"[0,1]",,,,,,,属性,读写,,,,,timed_system_control.end_cycle_settings._item.execution_day_wed,bool,,,,,,,,,,TRUE
周四,Thur.,是,,,,general_settings.timer_switch_system.off,定时关,Off Time Setting,,,,,,,,0x8c,,4,5,4,5,uint8,,,,,,"0：禁用
1：启用","0：disable
1：enable",0,,,,"[0,1]",,,,,,,属性,读写,,,,,timed_system_control.end_cycle_settings._item.execution_day_thu,bool,,,,,,,,,,TRUE
周五,Fri.,是,,,,general_settings.timer_switch_system.off,定时关,Off Time Setting,,,,,,,,0x8c,,4,5,5,6,uint8,,,,,,"0：禁用
1：启用","0：disable
1：enable",0,,,,"[0,1]",,,,,,,属性,读写,,,,,timed_system_control.end_cycle_settings._item.execution_day_fri,bool,,,,,,,,,,TRUE
周六,Sat.,是,,,,general_settings.timer_switch_system.off,定时关,Off Time Setting,,,,,,,,0x8c,,4,5,6,7,uint8,,,,,,"0：禁用
1：启用","0：disable
1：enable",0,,,,"[0,1]",,,,,,,属性,读写,,,,,timed_system_control.end_cycle_settings._item.execution_day_sat,bool,,,,,,,,,,TRUE
预留,Reserved,否,,,,general_settings.timer_switch_system.off,定时关,Off Time Setting,,,,,,,,0x8c,,4,5,7,8,uint8,,,0,,,,,,,,,,,,,,,,属性,读写,,,,,timed_system_control.end_cycle_settings._item.reserved,bool,,,,,,,,,,TRUE
智能显示,Smart Display,是,,当采集值与屏幕显示值接近时，屏幕不重复刷新,Collected value close to screen-displayed value. Don't let screen refresh repeatedly.,general_settings.screen_settings,屏幕设置,Screen Settings,,,,,,,,0x65,,0,1,,,uint8,,,,,,"0：禁用
1：启用","0：disable
1：enable",1,,,,"[0,1]",,,,,,,属性,读写,,,,,intelligent_display_enable,bool,,,,,,,,,,TRUE
屏幕显示设置,Screen Display Settings,是,,,,general_settings.screen_settings,屏幕设置,Screen Settings,,,,,,,,0x66,,0,2,,,struct,,,,,,,,,,,,,,,,,,,属性,读写,,,,,screen_object_settings,struct,,,,,,,,,,TRUE
屏幕显示,Screen Display,是,,,,general_settings.screen_settings.display,屏幕显示,Screen Display,,,,,,,,0x66,,0,1,,,uint8,,,,,,"0：禁用
1：启用","0：disable
1：enable",1,,,,"[0,1]",,,,,,,属性,读写,,,,,screen_object_settings.enable,bool,,,,,,,,,,TRUE
环境温度,Ambient Temperature,是,,启用该功能后，屏幕将不显示环境温度，原位置将显示设置温度,Enable to hide ambient temperature; set temperature will display instead.,general_settings.screen_settings.display,屏幕显示,Screen Display,,,,,,,,0x66,,1,2,0,1,uint8,,,,,,"0：禁用
1：启用","0：disable
1：enable",1,,,,"[0,1]",,,,,,,属性,读写,,,,,screen_object_settings.environmental_temperature,bool,,,,,,,,,,TRUE
环境湿度,Ambient Humidity,是,,,,general_settings.screen_settings.display,屏幕显示,Screen Display,,,,,,,,0x66,,1,2,1,2,uint8,,,,,,"0：禁用
1：启用","0：disable
1：enable",1,,,,"[0,1]",,,,,,,属性,读写,,,,,screen_object_settings.environmental_humidity,bool,,,,,,,,,,TRUE
目标温度,Target Temperature ,是,,,,general_settings.screen_settings.display,屏幕显示,Screen Display,,,,,,,,0x66,,1,2,2,3,uint8,,,,,,"0：禁用
1：启用","0：disable
1：enable",1,,,,"[0,1]",,,,,,,属性,读写,,,,,screen_object_settings.target_temperature,bool,,,,,,,,,,TRUE
计划,Schedule,是,,,,general_settings.screen_settings.display,屏幕显示,Screen Display,,,,,,,,0x66,,1,2,3,4,uint8,,,,,,"0：禁用
1：启用","0：disable
1：enable",1,,,,"[0,1]",,,,,,,属性,读写,,,,,screen_object_settings.schedule_name,bool,,,,,,,,,,TRUE
温控模式,Temperature Control Mode,是,,,,general_settings.screen_settings.display,屏幕显示,Screen Display,,,,,,,,0x66,,1,2,4,5,uint8,,,,,,"0：禁用
1：启用","0：disable
1：enable",1,,,,"[0,1]",,,,,,,属性,读写,,,,,screen_object_settings.temp_ctrl_mode,bool,,,,,,,,,,TRUE
风扇模式,Fan Control Mode,是,,,,general_settings.screen_settings.display,屏幕显示,Screen Display,,,,,,,,0x66,,1,2,5,6,uint8,,,,,,"0：禁用
1：启用","0：disable
1：enable",1,,,,"[0,1]",,,,,,,属性,读写,,,,,screen_object_settings.fan_ctrl_mode,bool,,,,,,,,,,TRUE
预留,Reserved,否,,,,general_settings.screen_settings.display,屏幕显示,Screen Display,,,,,,,,0x66,,1,2,6,8,uint8,,,0,,,,,,,,,,,,,,,,属性,读写,,,,,screen_object_settings.reserved,bool,,,,,,,,,,TRUE
屏幕前置光使能,Screen Front Light Enable,是,,,,general_settings.screen_settings.display,屏幕显示,Screen Display,,>=1.5,WT303-FLAT-FL,,,,,0x93,,0,1,,,uint8,,,,,,"0：禁用
1：启用","0：disable
1：enable",1,,,,"[0,1]",,,,,,,属性,读写,,,,v1.1,screen_front_light_enable,bool,,,,,,,,,,TRUE
儿童锁,Child Lock,是,,,,general_settings.permission_management,按键权限管理,Button Permission Management,,,,,,,,0x75,,0,2,,,struct,,,,,,,,,,,,,,,,,,,属性,读写,,,,,child_lock,struct,,,,,,,,,,TRUE
儿童锁使能,Child Lock Enable,是,,,,general_settings.permission_management.children_locks,儿童锁,Child Lock,,,,,,,,0x75,,0,1,,,uint8,,,,,,"0：禁用
1：启用","0：disable
1：enable",0,,,,"[0,1]",,,,,,,属性,读写,,,,,child_lock.enable,bool,,,,,,,,,,TRUE
系统开关,System On/Off ,是,,,,general_settings.permission_management.children_locks,儿童锁,Child Lock,,,,,,,,0x75,,1,2,0,1,uint8,,,,,,"0：禁用
1：启用","0：disable
1：enable",1,,,,"[0,1]",,,,,,,属性,读写,,,,,child_lock.system_button,bool,,,,,,,,,,TRUE
温度+/-,Temperature + /-,是,,,,general_settings.permission_management.children_locks,儿童锁,Child Lock,,,,,,,,0x75,,1,2,1,2,uint8,,,,,,"0：禁用
1：启用","0：disable
1：enable",1,,,,"[0,1]",,,,,,,属性,读写,,,,,child_lock.temperature_button,bool,,,,,,,,,,TRUE
风扇模式,Fan Mode,是,,,,general_settings.permission_management.children_locks,儿童锁,Child Lock,,,,,,,,0x75,,1,2,2,3,uint8,,,,,,"0：禁用
1：启用","0：disable
1：enable",1,,,,"[0,1]",,,,,,,属性,读写,,,,,child_lock.fan_button,bool,,,,,,,,,,TRUE
温控模式,Temperature Control Mode,是,,,,general_settings.permission_management.children_locks,儿童锁,Child Lock,,,,,,,,0x75,,1,2,3,4,uint8,,,,,,"0：禁用
1：启用","0：disable
1：enable",1,,,,"[0,1]",,,,,,,属性,读写,,,,,child_lock.temperature_control_button,bool,,,,,,,,,,TRUE
重启&重置,Reboot&Reset,是,,,,general_settings.permission_management.children_locks,儿童锁,Child Lock,,,,,,,,0x75,,1,2,4,5,uint8,,,,,,"0：禁用
1：启用","0：disable
1：enable",1,,,,"[0,1]",,,,,,,属性,读写,,,,,child_lock.reboot_reset_button,bool,,,,,,,,,,TRUE
预留,Reserved,否,,,,general_settings.permission_management.children_locks,儿童锁,Child Lock,,,,,,,,0x75,,1,2,5,8,uint8,,,0,,,,,,,,,,,,,,,,属性,读写,,,,,child_lock.reserved,bool,,,,,,,,,,TRUE
儿童锁使能配置,Child Lock Enable Configuration,否,,,,children_lock_enable_cfg,儿童锁使能配置,Child Lock Enable Cfg,,>=1.5,,,,,,0x96,,0,0,,,struct,,,,,,,,,,,,,,,,,,,属性,读写,,,,v1.1,child_lock_enable_cfg,struct,,,,,,,,,,TRUE
子命令,Sub-command,否,,,,children_lock_enable_cfg,儿童锁使能配置,Child Lock Enable Cfg,,>=1.5,,,,,,0x96,,0,1,,,uint8,type,child_lock_enable_cfg,,,,,,0,,,,,,,,,,,属性,读写,,,,v1.1,child_lock_enable_cfg.cmd,enum,,,,,,,,,,TRUE
儿童锁功能使能,Child Lock Function Enable,否,,,,children_lock_enable_cfg,儿童锁使能配置,Child Lock Enable Cfg,,>=1.5,,,,,,0x96,,0,1,,,uint8,impl,child_lock_enable_cfg：0x00,,,,"0：禁用
1：启用","0：disable
1：enable",0,,,,"[0,1]",,,,,,,属性,读写,,,,v1.1,child_lock_enable_cfg.enable,bool,,,,,,,,,,TRUE
儿童锁按键使能,Child Lock Key Enable,否,,,,children_lock_enable_cfg,儿童锁使能配置,Child Lock Enable Cfg,,>=1.5,,,,,,0x96,,0,1,,,uint8,impl,child_lock_enable_cfg：0x01,,,,"0：禁用
1：启用","0：disable
1：enable",0,,,,"[0,1]",,,,,,,属性,读写,,,,v1.1,child_lock_enable_cfg.key_enable,bool,,,,,,,,,,TRUE
系统开关,System On/Off ,否,,,,children_lock_enable_cfg,儿童锁使能配置,Child Lock Enable Cfg,,>=1.5,,,,,,0x96,,0,1,0,1,uint8,,,,,,"0：禁用
1：启用","0：disable
1：enable",0,,,,"[0,1]",,,,,,,属性,读写,,,,v1.1,child_lock_enable_cfg.system,bool,,,,,,,,,,TRUE
温度+&温度-,Temperature + & Temperature -,否,,,,children_lock_enable_cfg,儿童锁使能配置,Child Lock Enable Cfg,,>=1.5,,,,,,0x96,,0,1,1,2,uint8,,,,,,"0：禁用
1：启用","0：disable
1：enable",0,,,,"[0,1]",,,,,,,属性,读写,,,,v1.1,child_lock_enable_cfg.temperature,bool,,,,,,,,,,TRUE
风扇,Fan,否,,,,children_lock_enable_cfg,儿童锁使能配置,Child Lock Enable Cfg,,>=1.5,,,,,,0x96,,0,1,2,3,uint8,,,,,,"0：禁用
1：启用","0：disable
1：enable",0,,,,"[0,1]",,,,,,,属性,读写,,,,v1.1,child_lock_enable_cfg.fan,bool,,,,,,,,,,TRUE
温控模式,Temperature Control Mode,否,,,,children_lock_enable_cfg,儿童锁使能配置,Child Lock Enable Cfg,,>=1.5,,,,,,0x96,,0,1,3,4,uint8,,,,,,"0：禁用
1：启用","0：disable
1：enable",0,,,,"[0,1]",,,,,,,属性,读写,,,,v1.1,child_lock_enable_cfg.temperature_control,bool,,,,,,,,,,TRUE
重启重置,Reboot&Reset,否,,,,children_lock_enable_cfg,儿童锁使能配置,Child Lock Enable Cfg,,>=1.5,,,,,,0x96,,0,1,4,5,uint8,,,,,,"0：禁用
1：启用","0：disable
1：enable",0,,,,"[0,1]",,,,,,,属性,读写,,,,v1.1,child_lock_enable_cfg.reboot_reset,bool,,,,,,,,,,TRUE
解锁按键设置,Unlock Button Settings,是,,,,general_settings.permission_management.unlocks_button,解除按键,Unlock Button Settings,,,,,,,,0x8d,,0,4,,,struct,,,,,,,,,,,,,,,,,,,属性,读写,,,,,temporary_unlock_settings,struct,,,,,,,,,,TRUE
解锁功能启用,Unlock Function Enable,是,,至少选择2个按键,Select at least 2 buttons,general_settings.permission_management.unlocks_button,解除按键,Unlock Button Settings,,,,,,,,0x8d,,0,1,,,uint8,,,,,,"0：禁用
1：启用","0：disable
1：enable",0,,,,"[0,1]",,,,,,,属性,读写,,,,,temporary_unlock_settings.enable,bool,,,,,,,,,,TRUE
系统开关,System On/Off ,是,,,,general_settings.permission_management.unlocks_button,解除按键,Unlock Button Settings,,,,,,,,0x8d,,1,2,0,1,uint8,,,,,,"0：禁用
1：启用","0：disable
1：enable",0,,,,"[0,1]",,,,,,,属性,读写,,,,,temporary_unlock_settings.system,bool,,,,,,,,,,TRUE
温度+,Temperature + ,是,,,,general_settings.permission_management.unlocks_button,解除按键,Unlock Button Settings,,,,,,,,0x8d,,1,2,1,2,uint8,,,,,,"0：禁用
1：启用","0：disable
1：enable",0,,,,"[0,1]",,,,,,,属性,读写,,,,,temporary_unlock_settings.temperature_up,bool,,,,,,,,,,TRUE
温度-,Temperature -,是,,,,general_settings.permission_management.unlocks_button,解除按键,Unlock Button Settings,,,,,,,,0x8d,,1,2,2,3,uint8,,,,,,"0：禁用
1：启用","0：disable
1：enable",0,,,,"[0,1]",,,,,,,属性,读写,,,,,temporary_unlock_settings.temperature_down,bool,,,,,,,,,,TRUE
风扇模式,Fan Mode,是,,,,general_settings.permission_management.unlocks_button,解除按键,Unlock Button Settings,,,,,,,,0x8d,,1,2,3,4,uint8,,,,,,"0：禁用
1：启用","0：disable
1：enable",0,,,,"[0,1]",,,,,,,属性,读写,,,,,temporary_unlock_settings.fan,bool,,,,,,,,,,TRUE
温控模式,Temperature Control Mode,是,,,,general_settings.permission_management.unlocks_button,解除按键,Unlock Button Settings,,,,,,,,0x8d,,1,2,4,5,uint8,,,,,,"0：禁用
1：启用","0：disable
1：enable",0,,,,"[0,1]",,,,,,,属性,读写,,,,,temporary_unlock_settings.temperature_control,bool,,,,,,,,,,TRUE
预留,Reserved,否,,,,general_settings.permission_management.unlocks_button,解除按键,Unlock Button Settings,,,,,,,,0x8d,,1,2,5,8,uint8,,,0,,,,,,,,,,,,,,,,属性,读写,,,,,temporary_unlock_settings.reserved,bool,,,,,,,,,,TRUE
解除时长,Unlocking Time,是,,持续无按键操作达到配置时长，按键将自动重新上锁,"If no buttons are pressed within the set time, the keypad will automatically relock",general_settings.permission_management.unlocks_button,解除按键,Unlock Button Settings,,,,,,,,0x8d,,2,4,,,uint16,,,,,,,,30,,1,3600,"[1,3600]",,,s,,,,属性,读写,,,,,temporary_unlock_settings.unlocking_duration,int,,,,,,,,,,TRUE
临时按键锁解除配置,Temporary Button Unlock Configuration,否,,,,temporary_button_unlock_cfg,临时按键解除配置,Temporary Button Unlock Cfg,,>=1.5,,,,,,0x97,,0,0,,,struct,,,,,,,,,,,,,,,,,,,属性,读写,,,,v1.1,temporary_button_unlock_cfg,struct,,,,,,,,,,TRUE
子命令,Sub-command,否,,,,temporary_button_unlock_cfg,临时按键解除配置,Temporary Button Unlock Cfg,,>=1.5,,,,,,0x97,,0,1,,,uint8,type,temporary_button_unlock_cfg,,,,,,0,,,,,,,,,,,属性,读写,,,,v1.1,temporary_button_unlock_cfg.cmd,enum,,,,,,,,,,TRUE
临时按键锁解除使能,Temporary Button Unlock Enable,否,,,,temporary_button_unlock_cfg,临时按键解除配置,Temporary Button Unlock Cfg,,>=1.5,,,,,,0x97,,0,1,,,uint8,impl,temporary_button_unlock_cfg：0x00,,,,"0：禁用
3：系统开关&温度+
5：系统开关&温度-
6：温度+&温度-
7：系统开关&温度+&温度-
9：系统开关&风扇
10：温度+&风扇
11：系统开关&温度+&风扇
12：温度-&风扇
13：系统开关&温度-&风扇
14：温度+&温度-&风扇
15：系统开关&温度+&温度-&风扇
17：系统开关&温控模式
18：温度+&温控模式
19：系统开关&温度+&温控模式
20：温度-&温控模式
21：系统开关&温度-&温控模式
22：温度+&温度-&温控模式
23：系统开关&温度+&温度-&温控模式
24：风扇&温控模式
25：系统开关&风扇&温控模式
26：温度+&风扇&温控模式
27：系统开关&温度+&风扇&温控模式
28：温度-&风扇&温控模式
29：系统开关&温度-&风扇&温控模式
30：温度+&温度-&风扇&温控模式
31：系统开关&温度+&温度-&风扇&温控模式","0：Disable
3：System switch & Temperature +
5：System switch & Temperature -
6：Temperature + & Temperature -
7：System switch & Temperature + & Temperature -
9：System switch & Fan
10：Temperature + & Fan
11：System switch & Temperature + & Fan
12：Temperature - & Fan
13：System switch & Temperature - & Fan
14：Temperature + & Temperature - & Fan
15：System switch & Temperature + & Temperature - & Fan
17：System switch & Temperature control mode
18：Temperature + & Temperature control mode
19：System switch & Temperature + & Temperature control mode
20：Temperature - & Temperature control mode
21：System switch & Temperature - & Temperature control mode
22：Temperature + & Temperature - & Temperature control mode
23：System switch & Temperature + & Temperature - & Temperature control mode
24：Fan & Temperature control mode
25：System switch & Fan & Temperature control mode
26：Temperature + & Fan & Temperature control mode
27：System switch & Temperature + & Fan & Temperature control mode
28：Temperature - & Fan & Temperature control mode
29：System switch & Temperature - & Fan & Temperature control mode
30：Temperature + & Temperature - & Fan & Temperature control mode
31：System switch & Temperature + & Temperature - & Fan & Temperature control mode",0,,,,"[0,31]",,,,,,,属性,读写,,,,v1.1,temporary_button_unlock_cfg.enable,enum,,,,,,,,,,TRUE
系统开关,System On/Off ,否,,,,temporary_button_unlock_cfg,临时按键解除配置,Temporary Button Unlock Cfg,,>=1.5,,,,,,0x97,,0,1,0,1,uint8,,,,,,"0：禁用
1：启用","0：disable
1：enable",0,,,,"[0,1]",,,,,,,属性,读写,,,,v1.1,temporary_button_unlock_cfg.system,bool,,,,,,,,,,TRUE
温度+,Temperature + ,否,,,,temporary_button_unlock_cfg,临时按键解除配置,Temporary Button Unlock Cfg,,>=1.5,,,,,,0x97,,0,1,1,2,uint8,,,,,,"0：禁用
1：启用","0：disable
1：enable",0,,,,"[0,1]",,,,,,,属性,读写,,,,v1.1,temporary_button_unlock_cfg.temperature_up,bool,,,,,,,,,,TRUE
温度-,Temperature -,否,,,,temporary_button_unlock_cfg,临时按键解除配置,Temporary Button Unlock Cfg,,>=1.5,,,,,,0x97,,0,1,2,3,uint8,,,,,,"0：禁用
1：启用","0：disable
1：enable",0,,,,"[0,1]",,,,,,,属性,读写,,,,v1.1,temporary_button_unlock_cfg.temperature_down,bool,,,,,,,,,,TRUE
风扇模式,Fan Mode,否,,,,temporary_button_unlock_cfg,临时按键解除配置,Temporary Button Unlock Cfg,,>=1.5,,,,,,0x97,,0,1,3,4,uint8,,,,,,"0：禁用
1：启用","0：disable
1：enable",0,,,,"[0,1]",,,,,,,属性,读写,,,,v1.1,temporary_button_unlock_cfg.fan,bool,,,,,,,,,,TRUE
温控模式,Temperature Control Mode,否,,,,temporary_button_unlock_cfg,临时按键解除配置,Temporary Button Unlock Cfg,,>=1.5,,,,,,0x97,,0,1,4,5,uint8,,,,,,"0：禁用
1：启用","0：disable
1：enable",0,,,,"[0,1]",,,,,,,属性,读写,,,,v1.1,temporary_button_unlock_cfg.temperature_control,bool,,,,,,,,,,TRUE
自动上锁时间,Unlocking Time,否,,,,temporary_button_unlock_cfg,临时按键解除配置,Temporary Button Unlock Cfg,,>=1.5,,,,,,0x97,,0,1,,,,impl,temporary_button_unlock_cfg：0x01,,,,,,30,,1,3600,"[1,3600]",,,s,,,,属性,读写,,,,v1.1,temporary_button_unlock_cfg.unlocking_duration,int,,,,,,,,,,TRUE
时区,Time Zone,是,,,,general_settings.time_settings,时间设置,Time Settingss,,,,,,,,0xC7,,0,2,,,int16,,,,,,"-720：UTC-12(IDLW)
-660：UTC-11(SST)
-600：UTC-10(HST)
-570：UTC-9:30(MIT)
-540：UTC-9(AKST)
-480：UTC-8(PST)
-420：UTC-7(MST)
-360：UTC-6(CST)
-300：UTC-5(EST)
-240：UTC-4(AST)
-210：UTC-3:30(NST)
-180：UTC-3(BRT)
-120：UTC-2(FNT)
-60：UTC-1(CVT)
0：UTC(WET)
60：UTC+1(CET)
120：UTC+2(EET)
180：UTC+3(MSK)
210：UTC+3:30(IRST)
240：UTC+4(GST)
270：UTC+4:30(AFT)
300：UTC+5(PKT)
330：UTC+5:30(IST)
345：UTC+5:45(NPT)
360：UTC+6(BHT)
390：UTC+6:30(MMT)
420：UTC+7(ICT)
480：UTC+8(CT/CST)
540：UTC+9(JST)
570：UTC+9:30(ACST)
600：UTC+10(AEST)
630：UTC+10:30(LHST)
660：UTC+11(VUT)
720：UTC+12(NZST)
765：UTC+12:45(CHAST)
780：UTC+13(PHOT)
840：UTC+14(LINT)","-720：UTC-12(IDLW)
-660：UTC-11(SST)
-600：UTC-10(HST)
-570：UTC-9:30(MIT)
-540：UTC-9(AKST)
-480：UTC-8(PST)
-420：UTC-7(MST)
-360：UTC-6(CST)
-300：UTC-5(EST)
-240：UTC-4(AST)
-210：UTC-3:30(NST)
-180：UTC-3(BRT)
-120：UTC-2(FNT)
-60：UTC-1(CVT)
0：UTC(WET)
60：UTC+1(CET)
120：UTC+2(EET)
180：UTC+3(MSK)
210：UTC+3:30(IRST)
240：UTC+4(GST)
270：UTC+4:30(AFT)
300：UTC+5(PKT)
330：UTC+5:30(IST)
345：UTC+5:45(NPT)
360：UTC+6(BHT)
390：UTC+6:30(MMT)
420：UTC+7(ICT)
480：UTC+8(CT/CST)
540：UTC+9(JST)
570：UTC+9:30(ACST)
600：UTC+10(AEST)
630：UTC+10:30(LHST)
660：UTC+11(VUT)
720：UTC+12(NZST)
765：UTC+12:45(CHAST)
780：UTC+13(PHOT)
840：UTC+14(LINT)",0,,,,"[-720,840]",,,min,,,,属性,读写,,,,,time_zone,enum,,,,,,,,,,TRUE
夏令时,Daylight Saving Time,是,,,,general_settings.time_settings.daylight_saving_time,夏令时设置,Daylight Saving Time,,,,,,,,0xC6,,0,10,,,struct,,,,,,,,,,,,,,,,,,,属性,读写,,,,,daylight_saving_time,struct,,,,,,,,,,TRUE
夏令时,Daylight Saving Time,是,,,,general_settings.time_settings.daylight_saving_time,夏令时设置,Daylight Saving Time,,,,,,,,0xC6,,0,1,,,uint8,,,,,,"0：禁用
1：启用","0：disable
1：enable",0,,,,"[0,1]",,,,,,,属性,读写,,,,,daylight_saving_time.enable,bool,,,,,,,,,,TRUE
偏移时间,DST Bias,是,,夏令时期间，时钟向前调整,Clocks are adjusted forward during daylight saving time,general_settings.time_settings.daylight_saving_time,夏令时设置,Daylight Saving Time,,,,,,,,0xC6,,1,2,,,uint8,,,,,,,,60,,1,120,"[1,120]",,,min,,,,属性,读写,,,,,daylight_saving_time.daylight_saving_time_offset,int,,,,,,,,,,TRUE
月份, Month,是,,开始时间和结束时间月份不能相同！,The start time and end time months cannot be the same！,general_settings.time_settings.daylight_saving_time.start_time,开始时间,Start Time,,,,,,,,0xC6,,2,3,,,uint8,,,,,,"1: 一月
2: 二月
3: 三月
4: 四月 
5: 五月
6: 六月
7: 七月
8: 八月
9: 九月 
10: 十月
11: 十一月
12: 十二月 ","1:Jan.
2:Feb.
3:Mar.
4:Apr.
5:May
6:Jun.
7:Jul.
8:Aug.
9:Sep.
10:Oct.
11:Nov.
12:Dec.",1,,,,"[1,12]",,,,,,,属性,读写,,,,,daylight_saving_time.start_month,enum,,,,,,,,,,TRUE
周数, Number of Week,是,,,,general_settings.time_settings.daylight_saving_time.start_time,开始时间,Start Time,,,,,,,,0xC6,,3,4,4,8,uint8,,,,,,"1：首个
2：第二个
3：第三个
4：第四个
5：末个","1:1st
2: 2nd
3: 3rd
4: 4th
5: last",1,,,,"[1,5]",,,,,,,属性,读写,,,,,daylight_saving_time.start_week_num,enum,,,,,,,,,,TRUE
星期,Week,是,,,,general_settings.time_settings.daylight_saving_time.start_time,开始时间,Start Time,,,,,,,,0xC6,,3,4,0,4,uint8,,,,,,"1：星期一
2：星期二 
3：星期三
4：星期四 
5：星期五
6：星期六
7：星期日","1：Mon.
2：Tues.
3：Wed.
4：Thurs.
5：Fri.
6：Sat.
7：Sun.",7,,,,"[1,7]",,,,,,,属性,读写,,,,,daylight_saving_time.start_week_day,enum,,,,,,,,,,TRUE
时间,Time,是,,,,general_settings.time_settings.daylight_saving_time.start_time,开始时间,Start Time,,,,,,,,0xC6,,4,6,,,uint16,,,,,,"0：00:00
60：01:00
120：02:00
180：03:00
240：04:00
300：05:00
360：06:00
420：07:00
480：08:00
540：09:00
600：10:00
660：11:00
720：12:00
780：13:00
840：14:00
900：15:00
960：16:00
1020：17:00
1080：18:00
1140：19:00
1200：20:00
1260：21:00
1320：22:00
1380：23:00","0：00:00
60：01:00
120：02:00
180：03:00
240：04:00
300：05:00
360：06:00
420：07:00
480：08:00
540：09:00
600：10:00
660：11:00
720：12:00
780：13:00
840：14:00
900：15:00
960：16:00
1020：17:00
1080：18:00
1140：19:00
1200：20:00
1260：21:00
1320：22:00
1380：23:00",0,,,,,,,min,,,,属性,读写,,,,,daylight_saving_time.start_hour_min,enum,,,,,,,,,,TRUE
月份, Month,是,,开始时间和结束时间月份不能相同！,The start time and end time months cannot be the same！,general_settings.time_settings.daylight_saving_time.end_time,结束时间,End Time,,,,,,,,0xC6,,6,7,,,uint8,,,,,,"1: 一月
2: 二月
3: 三月
4: 四月 
5: 五月
6: 六月
7: 七月
8: 八月
9: 九月 
10: 十月
11: 十一月
12: 十二月 ","1:Jan.
2:Feb.
3:Mar.
4:Apr.
5:May
6:Jun.
7:Jul.
8:Aug.
9:Sep.
10:Oct.
11:Nov.
12:Dec.",1,,,,"[1,12]",,,,,,,属性,读写,,,,,daylight_saving_time.end_month,enum,,,,,,,,,,TRUE
周数, Number of Week,是,,,,general_settings.time_settings.daylight_saving_time.end_time,结束时间,End Time,,,,,,,,0xC6,,7,8,4,8,uint8,,,,,,"1：首个
2：第二个
3：第三个
4：第四个
5：末个","1:1st
2: 2nd
3: 3rd
4: 4th
5: last",1,,,,"[1,5]",,,,,,,属性,读写,,,,,daylight_saving_time.end_week_num,enum,,,,,,,,,,TRUE
星期,Week,是,,,,general_settings.time_settings.daylight_saving_time.end_time,结束时间,End Time,,,,,,,,0xC6,,7,8,0,4,uint8,,,,,,"1：星期一
2：星期二 
3：星期三
4：星期四 
5：星期五
6：星期六
7：星期日","1：Mon.
2：Tues.
3：Wed.
4：Thurs.
5：Fri.
6：Sat.
7：Sun.",7,,,,"[1,7]",,,,,,,属性,读写,,,,,daylight_saving_time.end_week_day,enum,,,,,,,,,,TRUE
时间,Time,是,,,,general_settings.time_settings.daylight_saving_time.end_time,结束时间,End Time,,,,,,,,0xC6,,8,10,,,uint16,,,,,,"0：00:00
60：01:00
120：02:00
180：03:00
240：04:00
300：05:00
360：06:00
420：07:00
480：08:00
540：09:00
600：10:00
660：11:00
720：12:00
780：13:00
840：14:00
900：15:00
960：16:00
1020：17:00
1080：18:00
1140：19:00
1200：20:00
1260：21:00
1320：22:00
1380：23:00","0：00:00
60：01:00
120：02:00
180：03:00
240：04:00
300：05:00
360：06:00
420：07:00
480：08:00
540：09:00
600：10:00
660：11:00
720：12:00
780：13:00
840：14:00
900：15:00
960：16:00
1020：17:00
1080：18:00
1140：19:00
1200：20:00
1260：21:00
1320：22:00
1380：23:00",0,,,,,,,min,,,,属性,读写,,,,,daylight_saving_time.end_hour_min,enum,,,,,,,,,,TRUE
数据存储设置,Data Storage Settings,是,,,,data_storage,数据存储,Data Storage,,,,,,,,0xC5,,0,0,,,struct,,,,,,,,,,,,,,,,,,,属性,读写,,,,,data_storage_settings,struct,,,,,,,,,1,TRUE
子命令,Sub-command,否,,,,data_storage,数据存储,Data Storage,,,,,,,,0xC5,,0,1,,,uint8,type,history_config,,,,,,0,,,,,,,,,,,属性,读写,,,,,data_storage_settings.command,enum,,,,,,,,,1,TRUE
数据存储,Data Storage Enable,是,,,,data_storage,数据存储,Data Storage,,,,,,,,0xC5,,0,1,,,uint8,impl,history_config：0x00,,,,"0：禁用
1：启用","0：disable
1：enable",0,,,,,,,,,,,属性,读写,,,,,data_storage_settings.enable,bool,,,,,,,,,1,TRUE
重传,Data Retransmission Enable,是,,,,data_storage,数据存储,Data Storage,,,,,,,,0xC5,,0,1,,,uint8,impl,history_config：0x01,,,,"0：禁用
1：启用","0：disable
1：enable",0,,,,,,,,,,,属性,读写,,,,,data_storage_settings.retransmission_enable,bool,,,,,,,,,1,TRUE
重传周期,Retransmission Interval,是,,,,data_storage,数据存储,Data Storage,,,,,,,,0xC5,,0,2,,,uint16,impl,history_config：0x02,,,,,,600,,30,1200,,,,s,,,,属性,读写,,,,,data_storage_settings.retransmission_interval,int,,,,,,,,,1,TRUE
回传周期,Retrieval Interval,是,,,,data_storage,数据存储,Data Storage,,,,,,,,0xC5,,0,2,,,uint16,impl,history_config：0x03,,,,,,60,,30,1200,,,,s,,,,属性,读写,,,,,data_storage_settings.retrieval_interval,int,,,,,,,,,1,TRUE
温度校准设置,Temperature Calibration Settings,是,,,,calibration_settings,校准设置,Calibration Settings,,,,,,,,0x79,,0,3,,,struct,,,,,,,,,,,,,,,,,,,属性,读写,,,,,temperature_calibration_settings,struct,,,,,,,,,,TRUE
温度校准,Temperature Calibration,是,,,,calibration_settings,校准设置,Calibration Settings,,,,,,,,0x79,,0,1,,,uint8,,,,,,"0：禁用
1：启用","0：disable
1：enable",0,,,,"[0,1]",,,,,,,属性,读写,,,,,temperature_calibration_settings.enable,bool,,,,,,,,,,TRUE
校准值,Calibration Value,是,,,,calibration_settings,校准设置,Calibration Settings,,,,,,,,0x79,,1,3,,,int16,,,,,,,,0,,-80,80,"[-8000,8000]",2,0.01,℃,,,,属性,读写,,,,,temperature_calibration_settings.calibration_value,float,,,,,,,,,,TRUE
温度校准配置,Temperature Calibration Configuration,否,,,,temperature_calibration_cfg,温度校准配置,Temperature Calibration Configuration,,>=1.5,,,,,,0x9c,,0,0,,,struct,,,,,,,,,,,,,,,,,,,属性,读写,,,,v1.1,temperature_calibration_cfg,struct,,,,,,,,,,TRUE
子命令,Sub-command,否,,,,temperature_calibration_cfg,温度校准配置,Temperature Calibration Configuration,,>=1.5,,,,,,0x9c,,0,1,,,uint8,type,temperature_calibration_cfg,,,,,,0,,,,,,,,,,,属性,读写,,,,v1.1,temperature_calibration_cfg.cmd,enum,,,,,,,,,,TRUE
温度校准使能,Temperature Calibration Enable,否,,,,temperature_calibration_cfg,温度校准配置,Temperature Calibration Configuration,,>=1.5,,,,,,0x9c,,0,1,,,uint8,impl,temperature_calibration_cfg：0x00,,,,"0：禁用
1：启用","0：disable
1：enable",0,,,,"[0,1]",,,,,,,属性,读写,,,,v1.1,temperature_calibration_cfg.enable,bool,,,,,,,,,,TRUE
温度校准校准值,Temperature Calibration Value,否,,,,temperature_calibration_cfg,温度校准配置,Temperature Calibration Configuration,,>=1.5,,,,,,0x9c,,0,2,,,int16,impl,temperature_calibration_cfg：0x01,,,,,,0,,-80,80,"[-8000,8000]",2,0.01,℃,,,,属性,读写,,,,v1.1,temperature_calibration_cfg.calibration_value,float,,,,,,,,,,TRUE
湿度校准设置,Humidity Calibration Settings,是,,,,calibration_settings,校准设置,Calibration Settings,,,,,,,,0x7a,,0,3,,,struct,,,,,,,,,,,,,,,,,,,属性,读写,,,,,humidity_calibration_settings,struct,,,,,,,,,,TRUE
湿度校准,Humidity Calibration,是,,,,calibration_settings,校准设置,Calibration Settings,,,,,,,,0x7a,,0,1,,,uint8,,,,,,"0：禁用
1：启用","0：disable
1：enable",0,,,,"[0,1]",,,,,,,属性,读写,,,,,humidity_calibration_settings.enable,bool,,,,,,,,,,TRUE
校准值,Calibration Value,是,,,,calibration_settings,校准设置,Calibration Settings,,,,,,,,0x7a,,1,3,,,int16,,,,,,,,0,,-100,100,"[-1000,1000]",1,0.1,%,,,,属性,读写,,,,,humidity_calibration_settings.calibration_value,float,,,,,,,,,,TRUE
湿度校准配置,Humidity Calibration Configuration,否,,,,humidity_calibration_cfg,湿度校准配置,Humidity Calibration Configuration,,>=1.5,,,,,,0x9d,,0,0,,,struct,,,,,,,,,,,,,,,,,,,属性,读写,,,,v1.1,humidity_calibration_cfg,struct,,,,,,,,,,TRUE
子命令,Sub-command,否,,,,humidity_calibration_cfg,湿度校准配置,Humidity Calibration Configuration,,>=1.5,,,,,,0x9d,,0,1,,,uint8,type,humidity_calibration_cfg,,,,,,0,,,,,,,,,,,属性,读写,,,,v1.1,humidity_calibration_cfg.cmd,enum,,,,,,,,,,TRUE
湿度校准使能,Humidity Calibration Enable,否,,,,humidity_calibration_cfg,湿度校准配置,Humidity Calibration Configuration,,>=1.5,,,,,,0x9d,,0,1,,,uint8,impl,humidity_calibration_cfg：0x00,,,,"0：禁用
1：启用","0：disable
1：enable",0,,,,"[0,1]",,,,,,,属性,读写,,,,v1.1,humidity_calibration_cfg.enable,bool,,,,,,,,,,TRUE
湿度校准校准值,Humidity Calibration Value,否,,,,humidity_calibration_cfg,湿度校准配置,Humidity Calibration Configuration,,>=1.5,,,,,,0x9d,,0,2,,,int16,impl,humidity_calibration_cfg：0x01,,,,,,0,,-100,100,"[-1000,1000]",1,0.1,%,,,,属性,读写,,,,v1.1,humidity_calibration_cfg.calibration_value,float,,,,,,,,,,TRUE
温度阈值告警设置,Temperature Threshold Alarm Settings,是,,,,threshold_alarm_settings,阈值告警设置,Threshold Alarm Settings,,,,,,,,0x76,,0,6,,,struct,,,,,,,,,,,,,,,,,,,属性,读写,,,,,temperature_alarm_settings,struct,,,,,,,,,,TRUE
温度阈值告警,Temperature Threshold Alarm,是,,,,threshold_alarm_settings.temperature_threshold_settings,温度阈值告警,Temperature Threshold Alarm,,,,,,,,0x76,,0,1,,,uint8,,,,,,"0：禁用
1：启用","0：disable
1：enable",0,,,,"[0,1]",,,,,,,属性,读写,,,,,temperature_alarm_settings.enable,bool,,,,,,,,,,TRUE
阈值模式,Threshold Mode,是,,,,threshold_alarm_settings.temperature_threshold_settings,温度阈值告警,Temperature Threshold Alarm,,,,,,,,0x76,,1,2,,,uint8,,,,,,"0:禁用
1:条件：x<A
2:条件：x>B
3:条件：A≤x≤B
4:条件：x<A或x>B","0:disable
1:condition: x<A
2:condition: x>B
3:condition: A≤x≤B
4:condition: x<A or x>B",0,,,,"[0,4]",,,,,,,属性,读写,,,,,temperature_alarm_settings.threshold_condition,enum,,,,,,,,,,TRUE
值A,Value A,是,,,,threshold_alarm_settings.temperature_threshold_settings,温度阈值告警,Temperature Threshold Alarm,,,,,,,,0x76,,2,4,,,int16,,,,,,,,0,,-20,60,"[-2000,6000]",2,0.01,℃,,,,属性,读写,,,,,temperature_alarm_settings.threshold_min,float,,,,,,,,,,TRUE
值B,Value B,是,,,,threshold_alarm_settings.temperature_threshold_settings,温度阈值告警,Temperature Threshold Alarm,,,,,,,,0x76,,4,6,,,int16,,,,,,,,0,,-20,60,"[-2000,6000]",2,0.01,℃,,,,属性,读写,,,,,temperature_alarm_settings.threshold_max,float,,,,,,,,,,TRUE
温度阈值告警配置,Temperature Threshold Alarm Configuration,否,,,,threshold_alarm_cfg,阈值告警配置,Threshold Alarm Configuration,,>=1.5,,,,,,0x99,,0,0,,,struct,,,,,,,,,,,,,,,,,,,属性,读写,,,,v1.1,threshold_alarm_cfg,struct,,,,,,,,,,TRUE
子命令,Sub-command,否,,,,threshold_alarm_cfg,阈值告警配置,Threshold Alarm Configuration,,>=1.5,,,,,,0x99,,0,1,,,uint8,type,threshold_alarm_cfg,,,,,,0,,,,,,,,,,,属性,读写,,,,v1.1,threshold_alarm_cfg.cmd,enum,,,,,,,,,,TRUE
温度阈值告警使能,Temperature Threshold Alarm Enable,否,,,,threshold_alarm_cfg,阈值告警配置,Threshold Alarm Configuration,,>=1.5,,,,,,0x99,,0,1,,,uint8,impl,threshold_alarm_cfg：0x00,,,,"0：禁用
1：启用","0：disable
1：enable",0,,,,"[0,1]",,,,,,,属性,读写,,,,v1.1,threshold_alarm_cfg.enable,bool,,,,,,,,,,TRUE
温度阈值告警模式,Temperature Threshold Alarm Mode,否,,,,threshold_alarm_cfg,阈值告警配置,Threshold Alarm Configuration,,>=1.5,,,,,,0x99,,0,1,,,uint8,impl,threshold_alarm_cfg：0x01,,,,"0:禁用
1:条件：x<A
2:条件：x>B
3:条件：A≤x≤B
4:条件：x<A或x>B","0:disable
1:condition: x<A
2:condition: x>B
3:condition: A≤x≤B
4:condition: x<A or x>B",0,,,,"[0,4]",,,,,,,属性,读写,,,,v1.1,threshold_alarm_cfg.mode,enum,,,,,,,,,,TRUE
温度阈值告警比较小值,Temperature Threshold Alarm Value A,否,,,,threshold_alarm_cfg,阈值告警配置,Threshold Alarm Configuration,,>=1.5,,,,,,0x99,,0,2,,,int16,impl,threshold_alarm_cfg：0x02,,,,,,0,,-20,60,"[-2000,6000]",2,0.01,℃,,,,属性,读写,,,,v1.1,threshold_alarm_cfg.min,float,,,,,,,,,,TRUE
温度阈值告警比较大值,Temperature Threshold Alarm Value B,否,,,,threshold_alarm_cfg,阈值告警配置,Threshold Alarm Configuration,,>=1.5,,,,,,0x99,,0,2,,,int16,impl,threshold_alarm_cfg：0x03,,,,,,0,,-20,60,"[-2000,6000]",2,0.01,℃,,,,属性,读写,,,,v1.1,threshold_alarm_cfg.max,float,,,,,,,,,,TRUE
持续高温告警设置,Persistent High Temperature Alarm Settings,是,,,,threshold_alarm_settings.temperature_high_settings,持续高温告警,Persistent High Temperature Alarm,,,,,,,,0x77,,0,4,,,struct,,,,,,,,,,,,,,,,,,,属性,读写,,,,,high_temperature_alarm_settings,struct,,,,,,,,,,TRUE
持续高温告警,Persistent High Temperature,是,,,,threshold_alarm_settings.temperature_high_settings,持续高温告警,Persistent High Temperature Alarm,,,,,,,,0x77,,0,1,,,uint8,,,,,,"0：禁用
1：启用","0：disable
1：enable",0,,,,"[0,1]",,,,,,,属性,读写,,,,,high_temperature_alarm_settings.enable,bool,,,,,,,,,,TRUE
温度差值,Difference in Temperature,是,,与目标温度的差值,The difference between the target temperature,threshold_alarm_settings.temperature_high_settings,持续高温告警,Persistent High Temperature Alarm,,,,,,,,0x77,,1,3,,,int16,,,,,,,,3,,1,10,"[100,1000]",2,0.01,℃,,,,属性,读写,,,,,high_temperature_alarm_settings.difference_in_temperature,float,,,,,,,,,,TRUE
持续时间,Duration,是,,,,threshold_alarm_settings.temperature_high_settings,持续高温告警,Persistent High Temperature Alarm,,,,,,,,0x77,,3,4,,,uint8,,,,,,,,5,,0,60,"[0,60]",,,min,,,,属性,读写,,,,,high_temperature_alarm_settings.duration,int,,,,,,,,,,TRUE
持续高温告警配置,Persistent High Temperature Alarm Configuration,否,,,,high_temperature_alarm_cfg,持续高温告警配置,Persistent High Temperature Alarm Cfg,,>=1.5,,,,,,0x9a,,0,0,,,struct,,,,,,,,,,,,,,,,,,,属性,读写,,,,v1.1,high_temperature_alarm_cfg,struct,,,,,,,,,,TRUE
子命令,Sub-command,否,,,,high_temperature_alarm_cfg,持续高温告警配置,Persistent High Temperature Alarm Cfg,,>=1.5,,,,,,0x9a,,0,1,,,uint8,type,high_temperature_alarm_cfg,,,,,,0,,,,,,,,,,,属性,读写,,,,v1.1,high_temperature_alarm_cfg.cmd,enum,,,,,,,,,,TRUE
持续高温告警使能,Persistent High Temperature Alarm Enable,否,,,,high_temperature_alarm_cfg,持续高温告警配置,Persistent High Temperature Alarm Cfg,,>=1.5,,,,,,0x9a,,0,1,,,uint8,impl,high_temperature_alarm_cfg：0x00,,,,"0：禁用
1：启用","0：disable
1：enable",0,,,,"[0,1]",,,,,,,属性,读写,,,,v1.1,high_temperature_alarm_cfg.enable,bool,,,,,,,,,,TRUE
持续高温告警温度差值,Persistent High Temperature Alarm Delta,否,,,,high_temperature_alarm_cfg,持续高温告警配置,Persistent High Temperature Alarm Cfg,,>=1.5,,,,,,0x9a,,0,2,,,int16,impl,high_temperature_alarm_cfg：0x01,,,,,,3,,1,10,"[100,1000]",2,0.01,℃,,,,属性,读写,,,,v1.1,high_temperature_alarm_cfg.delta,float,,,,,,,,,,TRUE
持续高温告警持续时间,Persistent High Temperature Alarm Duration,否,,,,high_temperature_alarm_cfg,持续高温告警配置,Persistent High Temperature Alarm Cfg,,>=1.5,,,,,,0x9a,,0,1,,,uint8,impl,high_temperature_alarm_cfg：0x02,,,,,,5,,0,60,"[0,60]",,,min,,,,属性,读写,,,,v1.1,high_temperature_alarm_cfg.duration,int,,,,,,,,,,TRUE
持续低温告警设置,Persistent Low Temperature Alarm Settings,是,,,,threshold_alarm_settings.temperature_low_settings,持续低温告警,Persistent Low Temperature Alarm,,,,,,,,0x78,,0,4,,,struct,,,,,,,,,,,,,,,,,,,属性,读写,,,,,low_temperature_alarm_settings,struct,,,,,,,,,,TRUE
持续低温告警,Persistent Low Temperature,是,,,,threshold_alarm_settings.temperature_low_settings,持续低温告警,Persistent Low Temperature Alarm,,,,,,,,0x78,,0,1,,,uint8,,,,,,"0：禁用
1：启用","0：disable
1：enable",0,,,,"[0,1]",,,,,,,属性,读写,,,,,low_temperature_alarm_settings.enable,bool,,,,,,,,,,TRUE
温度差值,Difference in Temperature,是,,与目标温度的差值,The difference between the target temperature,threshold_alarm_settings.temperature_low_settings,持续低温告警,Persistent Low Temperature Alarm,,,,,,,,0x78,,1,3,,,int16,,,,,,,,3,,1,10,"[100,1000]",2,0.01,℃,,,,属性,读写,,,,,low_temperature_alarm_settings.difference_in_temperature,float,,,,,,,,,,TRUE
持续时间,Duration,是,,,,threshold_alarm_settings.temperature_low_settings,持续低温告警,Persistent Low Temperature Alarm,,,,,,,,0x78,,3,4,,,uint8,,,,,,,,5,,0,60,"[0,60]",,,min,,,,属性,读写,,,,,low_temperature_alarm_settings.duration,int,,,,,,,,,,TRUE
持续低温告警配置,Persistent Low Temperature Alarm Configuration,否,,,,low_temperature_alarm_cfg,持续低温告警配置,Persistent Low Temperature Alarm Cfg,,>=1.5,,,,,,0x9b,,0,0,,,struct,,,,,,,,,,,,,,,,,,,属性,读写,,,,v1.1,low_temperature_alarm_cfg,struct,,,,,,,,,,TRUE
子命令,Sub-command,否,,,,low_temperature_alarm_cfg,持续低温告警配置,Persistent Low Temperature Alarm Cfg,,>=1.5,,,,,,0x9b,,0,1,,,uint8,type,low_temperature_alarm_cfg,,,,,,0,,,,,,,,,,,属性,读写,,,,v1.1,low_temperature_alarm_cfg.cmd,enum,,,,,,,,,,TRUE
持续低温告警使能,Persistent Low Temperature Alarm Enable,否,,,,low_temperature_alarm_cfg,持续低温告警配置,Persistent Low Temperature Alarm Cfg,,>=1.5,,,,,,0x9b,,0,1,,,uint8,impl,low_temperature_alarm_cfg：0x00,,,,"0：禁用
1：启用","0：disable
1：enable",0,,,,"[0,1]",,,,,,,属性,读写,,,,v1.1,low_temperature_alarm_cfg.enable,bool,,,,,,,,,,TRUE
持续低温告警温度差值,Persistent Low Temperature Alarm Delta,否,,,,low_temperature_alarm_cfg,持续低温告警配置,Persistent Low Temperature Alarm Cfg,,>=1.5,,,,,,0x9b,,0,2,,,int16,impl,low_temperature_alarm_cfg：0x01,,,,,,3,,1,10,"[100,1000]",2,0.01,℃,,,,属性,读写,,,,v1.1,low_temperature_alarm_cfg.delta,float,,,,,,,,,,TRUE
持续低温告警持续时间,Persistent Low Temperature Alarm Duration,否,,,,low_temperature_alarm_cfg,持续低温告警配置,Persistent Low Temperature Alarm Cfg,,>=1.5,,,,,,0x9b,,0,1,,,uint8,impl,low_temperature_alarm_cfg：0x02,,,,,,5,,0,60,"[0,60]",,,min,,,,属性,读写,,,,v1.1,low_temperature_alarm_cfg.duration,int,,,,,,,,,,TRUE
计划设置,Schedule Settings,是,,,,schedule_settings,计划设置,Schedule Settings,,,"WT303,
WT303-BK,
WT304,
WT304-BK,
WT303-FLAT-FL",特殊的，仅支持8个计划，实际允许通过命令创建16条,,,,0x7b,,0,0,,,array,separate,,,,struct,,,,"[{""id"":0,""command"":0,""enable"":true,""name_first"":""Occupi"",""name_last"":""ed"",""content"":{""fan_mode"":0,""heat_target_temperature_enable"":true,""heat_target_temperature"":17,""cool_target_temperature_enable"":true,""cool_target_temperature"":25,""temperature_tolerance_enable"":true,""temperature_tolerance"":2},""cycle_settings"":[{""id"":0,""enable"":false,""execution_time_point"":0,""execution_day_sun"":0,""execution_day_mon"":0,""execution_day_tues"":0,""execution_day_wed"":0,""execution_day_thu"":0,""execution_day_fri"":0,""execution_day_sat"":0,""reserved"":0},{""id"":1,""enable"":false,""execution_time_point"":0,""execution_day_sun"":0,""execution_day_mon"":0,""execution_day_tues"":0,""execution_day_wed"":0,""execution_day_thu"":0,""execution_day_fri"":0,""execution_day_sat"":0,""reserved"":0},{""id"":2,""enable"":false,""execution_time_point"":0,""execution_day_sun"":0,""execution_day_mon"":0,""execution_day_tues"":0,""execution_day_wed"":0,""execution_day_thu"":0,""execution_day_fri"":0,""execution_day_sat"":0,""reserved"":0},{""id"":3,""enable"":false,""execution_time_point"":0,""execution_day_sun"":0,""execution_day_mon"":0,""execution_day_tues"":0,""execution_day_wed"":0,""execution_day_thu"":0,""execution_day_fri"":0,""execution_day_sat"":0,""reserved"":0},{""id"":4,""enable"":false,""execution_time_point"":0,""execution_day_sun"":0,""execution_day_mon"":0,""execution_day_tues"":0,""execution_day_wed"":0,""execution_day_thu"":0,""execution_day_fri"":0,""execution_day_sat"":0,""reserved"":0},{""id"":5,""enable"":false,""execution_time_point"":0,""execution_day_sun"":0,""execution_day_mon"":0,""execution_day_tues"":0,""execution_day_wed"":0,""execution_day_thu"":0,""execution_day_fri"":0,""execution_day_sat"":0,""reserved"":0},{""id"":6,""enable"":false,""execution_time_point"":0,""execution_day_sun"":0,""execution_day_mon"":0,""execution_day_tues"":0,""execution_day_wed"":0,""execution_day_thu"":0,""execution_day_fri"":0,""execution_day_sat"":0,""reserved"":0},{""id"":7,""enable"":false,""execution_time_point"":0,""execution_day_sun"":0,""execution_day_mon"":0,""execution_day_tues"":0,""execution_day_wed"":0,""execution_day_thu"":0,""execution_day_fri"":0,""execution_day_sat"":0,""reserved"":0},{""id"":8,""enable"":false,""execution_time_point"":0,""execution_day_sun"":0,""execution_day_mon"":0,""execution_day_tues"":0,""execution_day_wed"":0,""execution_day_thu"":0,""execution_day_fri"":0,""execution_day_sat"":0,""reserved"":0},{""id"":9,""enable"":false,""execution_time_point"":0,""execution_day_sun"":0,""execution_day_mon"":0,""execution_day_tues"":0,""execution_day_wed"":0,""execution_day_thu"":0,""execution_day_fri"":0,""execution_day_sat"":0,""reserved"":0},{""id"":10,""enable"":false,""execution_time_point"":0,""execution_day_sun"":0,""execution_day_mon"":0,""execution_day_tues"":0,""execution_day_wed"":0,""execution_day_thu"":0,""execution_day_fri"":0,""execution_day_sat"":0,""reserved"":0},{""id"":11,""enable"":false,""execution_time_point"":0,""execution_day_sun"":0,""execution_day_mon"":0,""execution_day_tues"":0,""execution_day_wed"":0,""execution_day_thu"":0,""execution_day_fri"":0,""execution_day_sat"":0,""reserved"":0},{""id"":12,""enable"":false,""execution_time_point"":0,""execution_day_sun"":0,""execution_day_mon"":0,""execution_day_tues"":0,""execution_day_wed"":0,""execution_day_thu"":0,""execution_day_fri"":0,""execution_day_sat"":0,""reserved"":0},{""id"":13,""enable"":false,""execution_time_point"":0,""execution_day_sun"":0,""execution_day_mon"":0,""execution_day_tues"":0,""execution_day_wed"":0,""execution_day_thu"":0,""execution_day_fri"":0,""execution_day_sat"":0,""reserved"":0},{""id"":14,""enable"":false,""execution_time_point"":0,""execution_day_sun"":0,""execution_day_mon"":0,""execution_day_tues"":0,""execution_day_wed"":0,""execution_day_thu"":0,""execution_day_fri"":0,""execution_day_sat"":0,""reserved"":0},{""id"":15,""enable"":false,""execution_time_point"":0,""execution_day_sun"":0,""execution_day_mon"":0,""execution_day_tues"":0,""execution_day_wed"":0,""execution_day_thu"":0,""execution_day_fri"":0,""execution_day_sat"":0,""reserved"":0}]},{""id"":1,""command"":0,""enable"":true,""name_first"":""Unoccu"",""name_last"":""pied"",""content"":{""fan_mode"":0,""heat_target_temperature_enable"":true,""heat_target_temperature"":12,""cool_target_temperature_enable"":true,""cool_target_temperature"":30,""temperature_tolerance_enable"":true,""temperature_tolerance"":5},""cycle_settings"":[{""id"":0,""enable"":false,""execution_time_point"":0,""execution_day_sun"":0,""execution_day_mon"":0,""execution_day_tues"":0,""execution_day_wed"":0,""execution_day_thu"":0,""execution_day_fri"":0,""execution_day_sat"":0,""reserved"":0},{""id"":1,""enable"":false,""execution_time_point"":0,""execution_day_sun"":0,""execution_day_mon"":0,""execution_day_tues"":0,""execution_day_wed"":0,""execution_day_thu"":0,""execution_day_fri"":0,""execution_day_sat"":0,""reserved"":0},{""id"":2,""enable"":false,""execution_time_point"":0,""execution_day_sun"":0,""execution_day_mon"":0,""execution_day_tues"":0,""execution_day_wed"":0,""execution_day_thu"":0,""execution_day_fri"":0,""execution_day_sat"":0,""reserved"":0},{""id"":3,""enable"":false,""execution_time_point"":0,""execution_day_sun"":0,""execution_day_mon"":0,""execution_day_tues"":0,""execution_day_wed"":0,""execution_day_thu"":0,""execution_day_fri"":0,""execution_day_sat"":0,""reserved"":0},{""id"":4,""enable"":false,""execution_time_point"":0,""execution_day_sun"":0,""execution_day_mon"":0,""execution_day_tues"":0,""execution_day_wed"":0,""execution_day_thu"":0,""execution_day_fri"":0,""execution_day_sat"":0,""reserved"":0},{""id"":5,""enable"":false,""execution_time_point"":0,""execution_day_sun"":0,""execution_day_mon"":0,""execution_day_tues"":0,""execution_day_wed"":0,""execution_day_thu"":0,""execution_day_fri"":0,""execution_day_sat"":0,""reserved"":0},{""id"":6,""enable"":false,""execution_time_point"":0,""execution_day_sun"":0,""execution_day_mon"":0,""execution_day_tues"":0,""execution_day_wed"":0,""execution_day_thu"":0,""execution_day_fri"":0,""execution_day_sat"":0,""reserved"":0},{""id"":7,""enable"":false,""execution_time_point"":0,""execution_day_sun"":0,""execution_day_mon"":0,""execution_day_tues"":0,""execution_day_wed"":0,""execution_day_thu"":0,""execution_day_fri"":0,""execution_day_sat"":0,""reserved"":0},{""id"":8,""enable"":false,""execution_time_point"":0,""execution_day_sun"":0,""execution_day_mon"":0,""execution_day_tues"":0,""execution_day_wed"":0,""execution_day_thu"":0,""execution_day_fri"":0,""execution_day_sat"":0,""reserved"":0},{""id"":9,""enable"":false,""execution_time_point"":0,""execution_day_sun"":0,""execution_day_mon"":0,""execution_day_tues"":0,""execution_day_wed"":0,""execution_day_thu"":0,""execution_day_fri"":0,""execution_day_sat"":0,""reserved"":0},{""id"":10,""enable"":false,""execution_time_point"":0,""execution_day_sun"":0,""execution_day_mon"":0,""execution_day_tues"":0,""execution_day_wed"":0,""execution_day_thu"":0,""execution_day_fri"":0,""execution_day_sat"":0,""reserved"":0},{""id"":11,""enable"":false,""execution_time_point"":0,""execution_day_sun"":0,""execution_day_mon"":0,""execution_day_tues"":0,""execution_day_wed"":0,""execution_day_thu"":0,""execution_day_fri"":0,""execution_day_sat"":0,""reserved"":0},{""id"":12,""enable"":false,""execution_time_point"":0,""execution_day_sun"":0,""execution_day_mon"":0,""execution_day_tues"":0,""execution_day_wed"":0,""execution_day_thu"":0,""execution_day_fri"":0,""execution_day_sat"":0,""reserved"":0},{""id"":13,""enable"":false,""execution_time_point"":0,""execution_day_sun"":0,""execution_day_mon"":0,""execution_day_tues"":0,""execution_day_wed"":0,""execution_day_thu"":0,""execution_day_fri"":0,""execution_day_sat"":0,""reserved"":0},{""id"":14,""enable"":false,""execution_time_point"":0,""execution_day_sun"":0,""execution_day_mon"":0,""execution_day_tues"":0,""execution_day_wed"":0,""execution_day_thu"":0,""execution_day_fri"":0,""execution_day_sat"":0,""reserved"":0},{""id"":15,""enable"":false,""execution_time_point"":0,""execution_day_sun"":0,""execution_day_mon"":0,""execution_day_tues"":0,""execution_day_wed"":0,""execution_day_thu"":0,""execution_day_fri"":0,""execution_day_sat"":0,""reserved"":0}]},{""id"":2,""command"":0,""enable"":true,""name_first"":""ECO"",""name_last"":"""",""content"":{""fan_mode"":0,""heat_target_temperature_enable"":true,""heat_target_temperature"":15,""cool_target_temperature_enable"":true,""cool_target_temperature"":26,""temperature_tolerance_enable"":true,""temperature_tolerance"":2},""cycle_settings"":[{""id"":0,""enable"":false,""execution_time_point"":0,""execution_day_sun"":0,""execution_day_mon"":0,""execution_day_tues"":0,""execution_day_wed"":0,""execution_day_thu"":0,""execution_day_fri"":0,""execution_day_sat"":0,""reserved"":0},{""id"":1,""enable"":false,""execution_time_point"":0,""execution_day_sun"":0,""execution_day_mon"":0,""execution_day_tues"":0,""execution_day_wed"":0,""execution_day_thu"":0,""execution_day_fri"":0,""execution_day_sat"":0,""reserved"":0},{""id"":2,""enable"":false,""execution_time_point"":0,""execution_day_sun"":0,""execution_day_mon"":0,""execution_day_tues"":0,""execution_day_wed"":0,""execution_day_thu"":0,""execution_day_fri"":0,""execution_day_sat"":0,""reserved"":0},{""id"":3,""enable"":false,""execution_time_point"":0,""execution_day_sun"":0,""execution_day_mon"":0,""execution_day_tues"":0,""execution_day_wed"":0,""execution_day_thu"":0,""execution_day_fri"":0,""execution_day_sat"":0,""reserved"":0},{""id"":4,""enable"":false,""execution_time_point"":0,""execution_day_sun"":0,""execution_day_mon"":0,""execution_day_tues"":0,""execution_day_wed"":0,""execution_day_thu"":0,""execution_day_fri"":0,""execution_day_sat"":0,""reserved"":0},{""id"":5,""enable"":false,""execution_time_point"":0,""execution_day_sun"":0,""execution_day_mon"":0,""execution_day_tues"":0,""execution_day_wed"":0,""execution_day_thu"":0,""execution_day_fri"":0,""execution_day_sat"":0,""reserved"":0},{""id"":6,""enable"":false,""execution_time_point"":0,""execution_day_sun"":0,""execution_day_mon"":0,""execution_day_tues"":0,""execution_day_wed"":0,""execution_day_thu"":0,""execution_day_fri"":0,""execution_day_sat"":0,""reserved"":0},{""id"":7,""enable"":false,""execution_time_point"":0,""execution_day_sun"":0,""execution_day_mon"":0,""execution_day_tues"":0,""execution_day_wed"":0,""execution_day_thu"":0,""execution_day_fri"":0,""execution_day_sat"":0,""reserved"":0},{""id"":8,""enable"":false,""execution_time_point"":0,""execution_day_sun"":0,""execution_day_mon"":0,""execution_day_tues"":0,""execution_day_wed"":0,""execution_day_thu"":0,""execution_day_fri"":0,""execution_day_sat"":0,""reserved"":0},{""id"":9,""enable"":false,""execution_time_point"":0,""execution_day_sun"":0,""execution_day_mon"":0,""execution_day_tues"":0,""execution_day_wed"":0,""execution_day_thu"":0,""execution_day_fri"":0,""execution_day_sat"":0,""reserved"":0},{""id"":10,""enable"":false,""execution_time_point"":0,""execution_day_sun"":0,""execution_day_mon"":0,""execution_day_tues"":0,""execution_day_wed"":0,""execution_day_thu"":0,""execution_day_fri"":0,""execution_day_sat"":0,""reserved"":0},{""id"":11,""enable"":false,""execution_time_point"":0,""execution_day_sun"":0,""execution_day_mon"":0,""execution_day_tues"":0,""execution_day_wed"":0,""execution_day_thu"":0,""execution_day_fri"":0,""execution_day_sat"":0,""reserved"":0},{""id"":12,""enable"":false,""execution_time_point"":0,""execution_day_sun"":0,""execution_day_mon"":0,""execution_day_tues"":0,""execution_day_wed"":0,""execution_day_thu"":0,""execution_day_fri"":0,""execution_day_sat"":0,""reserved"":0},{""id"":13,""enable"":false,""execution_time_point"":0,""execution_day_sun"":0,""execution_day_mon"":0,""execution_day_tues"":0,""execution_day_wed"":0,""execution_day_thu"":0,""execution_day_fri"":0,""execution_day_sat"":0,""reserved"":0},{""id"":14,""enable"":false,""execution_time_point"":0,""execution_day_sun"":0,""execution_day_mon"":0,""execution_day_tues"":0,""execution_day_wed"":0,""execution_day_thu"":0,""execution_day_fri"":0,""execution_day_sat"":0,""reserved"":0},{""id"":15,""enable"":false,""execution_time_point"":0,""execution_day_sun"":0,""execution_day_mon"":0,""execution_day_tues"":0,""execution_day_wed"":0,""execution_day_thu"":0,""execution_day_fri"":0,""execution_day_sat"":0,""reserved"":0}]},{""id"":3,""command"":0,""enable"":false,""name_first"":"""",""name_last"":"""",""content"":{""fan_mode"":0,""heat_target_temperature_enable"":false,""heat_target_temperature"":17,""cool_target_temperature_enable"":false,""cool_target_temperature"":26,""temperature_tolerance_enable"":false,""temperature_tolerance"":2},""cycle_settings"":[{""id"":0,""enable"":false,""execution_time_point"":0,""execution_day_sun"":0,""execution_day_mon"":0,""execution_day_tues"":0,""execution_day_wed"":0,""execution_day_thu"":0,""execution_day_fri"":0,""execution_day_sat"":0,""reserved"":0},{""id"":1,""enable"":false,""execution_time_point"":0,""execution_day_sun"":0,""execution_day_mon"":0,""execution_day_tues"":0,""execution_day_wed"":0,""execution_day_thu"":0,""execution_day_fri"":0,""execution_day_sat"":0,""reserved"":0},{""id"":2,""enable"":false,""execution_time_point"":0,""execution_day_sun"":0,""execution_day_mon"":0,""execution_day_tues"":0,""execution_day_wed"":0,""execution_day_thu"":0,""execution_day_fri"":0,""execution_day_sat"":0,""reserved"":0},{""id"":3,""enable"":false,""execution_time_point"":0,""execution_day_sun"":0,""execution_day_mon"":0,""execution_day_tues"":0,""execution_day_wed"":0,""execution_day_thu"":0,""execution_day_fri"":0,""execution_day_sat"":0,""reserved"":0},{""id"":4,""enable"":false,""execution_time_point"":0,""execution_day_sun"":0,""execution_day_mon"":0,""execution_day_tues"":0,""execution_day_wed"":0,""execution_day_thu"":0,""execution_day_fri"":0,""execution_day_sat"":0,""reserved"":0},{""id"":5,""enable"":false,""execution_time_point"":0,""execution_day_sun"":0,""execution_day_mon"":0,""execution_day_tues"":0,""execution_day_wed"":0,""execution_day_thu"":0,""execution_day_fri"":0,""execution_day_sat"":0,""reserved"":0},{""id"":6,""enable"":false,""execution_time_point"":0,""execution_day_sun"":0,""execution_day_mon"":0,""execution_day_tues"":0,""execution_day_wed"":0,""execution_day_thu"":0,""execution_day_fri"":0,""execution_day_sat"":0,""reserved"":0},{""id"":7,""enable"":false,""execution_time_point"":0,""execution_day_sun"":0,""execution_day_mon"":0,""execution_day_tues"":0,""execution_day_wed"":0,""execution_day_thu"":0,""execution_day_fri"":0,""execution_day_sat"":0,""reserved"":0},{""id"":8,""enable"":false,""execution_time_point"":0,""execution_day_sun"":0,""execution_day_mon"":0,""execution_day_tues"":0,""execution_day_wed"":0,""execution_day_thu"":0,""execution_day_fri"":0,""execution_day_sat"":0,""reserved"":0},{""id"":9,""enable"":false,""execution_time_point"":0,""execution_day_sun"":0,""execution_day_mon"":0,""execution_day_tues"":0,""execution_day_wed"":0,""execution_day_thu"":0,""execution_day_fri"":0,""execution_day_sat"":0,""reserved"":0},{""id"":10,""enable"":false,""execution_time_point"":0,""execution_day_sun"":0,""execution_day_mon"":0,""execution_day_tues"":0,""execution_day_wed"":0,""execution_day_thu"":0,""execution_day_fri"":0,""execution_day_sat"":0,""reserved"":0},{""id"":11,""enable"":false,""execution_time_point"":0,""execution_day_sun"":0,""execution_day_mon"":0,""execution_day_tues"":0,""execution_day_wed"":0,""execution_day_thu"":0,""execution_day_fri"":0,""execution_day_sat"":0,""reserved"":0},{""id"":12,""enable"":false,""execution_time_point"":0,""execution_day_sun"":0,""execution_day_mon"":0,""execution_day_tues"":0,""execution_day_wed"":0,""execution_day_thu"":0,""execution_day_fri"":0,""execution_day_sat"":0,""reserved"":0},{""id"":13,""enable"":false,""execution_time_point"":0,""execution_day_sun"":0,""execution_day_mon"":0,""execution_day_tues"":0,""execution_day_wed"":0,""execution_day_thu"":0,""execution_day_fri"":0,""execution_day_sat"":0,""reserved"":0},{""id"":14,""enable"":false,""execution_time_point"":0,""execution_day_sun"":0,""execution_day_mon"":0,""execution_day_tues"":0,""execution_day_wed"":0,""execution_day_thu"":0,""execution_day_fri"":0,""execution_day_sat"":0,""reserved"":0},{""id"":15,""enable"":false,""execution_time_point"":0,""execution_day_sun"":0,""execution_day_mon"":0,""execution_day_tues"":0,""execution_day_wed"":0,""execution_day_thu"":0,""execution_day_fri"":0,""execution_day_sat"":0,""reserved"":0}]},{""id"":4,""command"":0,""enable"":false,""name_first"":"""",""name_last"":"""",""content"":{""fan_mode"":0,""heat_target_temperature_enable"":false,""heat_target_temperature"":17,""cool_target_temperature_enable"":false,""cool_target_temperature"":26,""temperature_tolerance_enable"":false,""temperature_tolerance"":2},""cycle_settings"":[{""id"":0,""enable"":false,""execution_time_point"":0,""execution_day_sun"":0,""execution_day_mon"":0,""execution_day_tues"":0,""execution_day_wed"":0,""execution_day_thu"":0,""execution_day_fri"":0,""execution_day_sat"":0,""reserved"":0},{""id"":1,""enable"":false,""execution_time_point"":0,""execution_day_sun"":0,""execution_day_mon"":0,""execution_day_tues"":0,""execution_day_wed"":0,""execution_day_thu"":0,""execution_day_fri"":0,""execution_day_sat"":0,""reserved"":0},{""id"":2,""enable"":false,""execution_time_point"":0,""execution_day_sun"":0,""execution_day_mon"":0,""execution_day_tues"":0,""execution_day_wed"":0,""execution_day_thu"":0,""execution_day_fri"":0,""execution_day_sat"":0,""reserved"":0},{""id"":3,""enable"":false,""execution_time_point"":0,""execution_day_sun"":0,""execution_day_mon"":0,""execution_day_tues"":0,""execution_day_wed"":0,""execution_day_thu"":0,""execution_day_fri"":0,""execution_day_sat"":0,""reserved"":0},{""id"":4,""enable"":false,""execution_time_point"":0,""execution_day_sun"":0,""execution_day_mon"":0,""execution_day_tues"":0,""execution_day_wed"":0,""execution_day_thu"":0,""execution_day_fri"":0,""execution_day_sat"":0,""reserved"":0},{""id"":5,""enable"":false,""execution_time_point"":0,""execution_day_sun"":0,""execution_day_mon"":0,""execution_day_tues"":0,""execution_day_wed"":0,""execution_day_thu"":0,""execution_day_fri"":0,""execution_day_sat"":0,""reserved"":0},{""id"":6,""enable"":false,""execution_time_point"":0,""execution_day_sun"":0,""execution_day_mon"":0,""execution_day_tues"":0,""execution_day_wed"":0,""execution_day_thu"":0,""execution_day_fri"":0,""execution_day_sat"":0,""reserved"":0},{""id"":7,""enable"":false,""execution_time_point"":0,""execution_day_sun"":0,""execution_day_mon"":0,""execution_day_tues"":0,""execution_day_wed"":0,""execution_day_thu"":0,""execution_day_fri"":0,""execution_day_sat"":0,""reserved"":0},{""id"":8,""enable"":false,""execution_time_point"":0,""execution_day_sun"":0,""execution_day_mon"":0,""execution_day_tues"":0,""execution_day_wed"":0,""execution_day_thu"":0,""execution_day_fri"":0,""execution_day_sat"":0,""reserved"":0},{""id"":9,""enable"":false,""execution_time_point"":0,""execution_day_sun"":0,""execution_day_mon"":0,""execution_day_tues"":0,""execution_day_wed"":0,""execution_day_thu"":0,""execution_day_fri"":0,""execution_day_sat"":0,""reserved"":0},{""id"":10,""enable"":false,""execution_time_point"":0,""execution_day_sun"":0,""execution_day_mon"":0,""execution_day_tues"":0,""execution_day_wed"":0,""execution_day_thu"":0,""execution_day_fri"":0,""execution_day_sat"":0,""reserved"":0},{""id"":11,""enable"":false,""execution_time_point"":0,""execution_day_sun"":0,""execution_day_mon"":0,""execution_day_tues"":0,""execution_day_wed"":0,""execution_day_thu"":0,""execution_day_fri"":0,""execution_day_sat"":0,""reserved"":0},{""id"":12,""enable"":false,""execution_time_point"":0,""execution_day_sun"":0,""execution_day_mon"":0,""execution_day_tues"":0,""execution_day_wed"":0,""execution_day_thu"":0,""execution_day_fri"":0,""execution_day_sat"":0,""reserved"":0},{""id"":13,""enable"":false,""execution_time_point"":0,""execution_day_sun"":0,""execution_day_mon"":0,""execution_day_tues"":0,""execution_day_wed"":0,""execution_day_thu"":0,""execution_day_fri"":0,""execution_day_sat"":0,""reserved"":0},{""id"":14,""enable"":false,""execution_time_point"":0,""execution_day_sun"":0,""execution_day_mon"":0,""execution_day_tues"":0,""execution_day_wed"":0,""execution_day_thu"":0,""execution_day_fri"":0,""execution_day_sat"":0,""reserved"":0},{""id"":15,""enable"":false,""execution_time_point"":0,""execution_day_sun"":0,""execution_day_mon"":0,""execution_day_tues"":0,""execution_day_wed"":0,""execution_day_thu"":0,""execution_day_fri"":0,""execution_day_sat"":0,""reserved"":0}]},{""id"":5,""command"":0,""enable"":false,""name_first"":"""",""name_last"":"""",""content"":{""fan_mode"":0,""heat_target_temperature_enable"":false,""heat_target_temperature"":17,""cool_target_temperature_enable"":false,""cool_target_temperature"":26,""temperature_tolerance_enable"":false,""temperature_tolerance"":2},""cycle_settings"":[{""id"":0,""enable"":false,""execution_time_point"":0,""execution_day_sun"":0,""execution_day_mon"":0,""execution_day_tues"":0,""execution_day_wed"":0,""execution_day_thu"":0,""execution_day_fri"":0,""execution_day_sat"":0,""reserved"":0},{""id"":1,""enable"":false,""execution_time_point"":0,""execution_day_sun"":0,""execution_day_mon"":0,""execution_day_tues"":0,""execution_day_wed"":0,""execution_day_thu"":0,""execution_day_fri"":0,""execution_day_sat"":0,""reserved"":0},{""id"":2,""enable"":false,""execution_time_point"":0,""execution_day_sun"":0,""execution_day_mon"":0,""execution_day_tues"":0,""execution_day_wed"":0,""execution_day_thu"":0,""execution_day_fri"":0,""execution_day_sat"":0,""reserved"":0},{""id"":3,""enable"":false,""execution_time_point"":0,""execution_day_sun"":0,""execution_day_mon"":0,""execution_day_tues"":0,""execution_day_wed"":0,""execution_day_thu"":0,""execution_day_fri"":0,""execution_day_sat"":0,""reserved"":0},{""id"":4,""enable"":false,""execution_time_point"":0,""execution_day_sun"":0,""execution_day_mon"":0,""execution_day_tues"":0,""execution_day_wed"":0,""execution_day_thu"":0,""execution_day_fri"":0,""execution_day_sat"":0,""reserved"":0},{""id"":5,""enable"":false,""execution_time_point"":0,""execution_day_sun"":0,""execution_day_mon"":0,""execution_day_tues"":0,""execution_day_wed"":0,""execution_day_thu"":0,""execution_day_fri"":0,""execution_day_sat"":0,""reserved"":0},{""id"":6,""enable"":false,""execution_time_point"":0,""execution_day_sun"":0,""execution_day_mon"":0,""execution_day_tues"":0,""execution_day_wed"":0,""execution_day_thu"":0,""execution_day_fri"":0,""execution_day_sat"":0,""reserved"":0},{""id"":7,""enable"":false,""execution_time_point"":0,""execution_day_sun"":0,""execution_day_mon"":0,""execution_day_tues"":0,""execution_day_wed"":0,""execution_day_thu"":0,""execution_day_fri"":0,""execution_day_sat"":0,""reserved"":0},{""id"":8,""enable"":false,""execution_time_point"":0,""execution_day_sun"":0,""execution_day_mon"":0,""execution_day_tues"":0,""execution_day_wed"":0,""execution_day_thu"":0,""execution_day_fri"":0,""execution_day_sat"":0,""reserved"":0},{""id"":9,""enable"":false,""execution_time_point"":0,""execution_day_sun"":0,""execution_day_mon"":0,""execution_day_tues"":0,""execution_day_wed"":0,""execution_day_thu"":0,""execution_day_fri"":0,""execution_day_sat"":0,""reserved"":0},{""id"":10,""enable"":false,""execution_time_point"":0,""execution_day_sun"":0,""execution_day_mon"":0,""execution_day_tues"":0,""execution_day_wed"":0,""execution_day_thu"":0,""execution_day_fri"":0,""execution_day_sat"":0,""reserved"":0},{""id"":11,""enable"":false,""execution_time_point"":0,""execution_day_sun"":0,""execution_day_mon"":0,""execution_day_tues"":0,""execution_day_wed"":0,""execution_day_thu"":0,""execution_day_fri"":0,""execution_day_sat"":0,""reserved"":0},{""id"":12,""enable"":false,""execution_time_point"":0,""execution_day_sun"":0,""execution_day_mon"":0,""execution_day_tues"":0,""execution_day_wed"":0,""execution_day_thu"":0,""execution_day_fri"":0,""execution_day_sat"":0,""reserved"":0},{""id"":13,""enable"":false,""execution_time_point"":0,""execution_day_sun"":0,""execution_day_mon"":0,""execution_day_tues"":0,""execution_day_wed"":0,""execution_day_thu"":0,""execution_day_fri"":0,""execution_day_sat"":0,""reserved"":0},{""id"":14,""enable"":false,""execution_time_point"":0,""execution_day_sun"":0,""execution_day_mon"":0,""execution_day_tues"":0,""execution_day_wed"":0,""execution_day_thu"":0,""execution_day_fri"":0,""execution_day_sat"":0,""reserved"":0},{""id"":15,""enable"":false,""execution_time_point"":0,""execution_day_sun"":0,""execution_day_mon"":0,""execution_day_tues"":0,""execution_day_wed"":0,""execution_day_thu"":0,""execution_day_fri"":0,""execution_day_sat"":0,""reserved"":0}]},{""id"":6,""command"":0,""enable"":false,""name_first"":"""",""name_last"":"""",""content"":{""fan_mode"":0,""heat_target_temperature_enable"":false,""heat_target_temperature"":17,""cool_target_temperature_enable"":false,""cool_target_temperature"":26,""temperature_tolerance_enable"":false,""temperature_tolerance"":2},""cycle_settings"":[{""id"":0,""enable"":false,""execution_time_point"":0,""execution_day_sun"":0,""execution_day_mon"":0,""execution_day_tues"":0,""execution_day_wed"":0,""execution_day_thu"":0,""execution_day_fri"":0,""execution_day_sat"":0,""reserved"":0},{""id"":1,""enable"":false,""execution_time_point"":0,""execution_day_sun"":0,""execution_day_mon"":0,""execution_day_tues"":0,""execution_day_wed"":0,""execution_day_thu"":0,""execution_day_fri"":0,""execution_day_sat"":0,""reserved"":0},{""id"":2,""enable"":false,""execution_time_point"":0,""execution_day_sun"":0,""execution_day_mon"":0,""execution_day_tues"":0,""execution_day_wed"":0,""execution_day_thu"":0,""execution_day_fri"":0,""execution_day_sat"":0,""reserved"":0},{""id"":3,""enable"":false,""execution_time_point"":0,""execution_day_sun"":0,""execution_day_mon"":0,""execution_day_tues"":0,""execution_day_wed"":0,""execution_day_thu"":0,""execution_day_fri"":0,""execution_day_sat"":0,""reserved"":0},{""id"":4,""enable"":false,""execution_time_point"":0,""execution_day_sun"":0,""execution_day_mon"":0,""execution_day_tues"":0,""execution_day_wed"":0,""execution_day_thu"":0,""execution_day_fri"":0,""execution_day_sat"":0,""reserved"":0},{""id"":5,""enable"":false,""execution_time_point"":0,""execution_day_sun"":0,""execution_day_mon"":0,""execution_day_tues"":0,""execution_day_wed"":0,""execution_day_thu"":0,""execution_day_fri"":0,""execution_day_sat"":0,""reserved"":0},{""id"":6,""enable"":false,""execution_time_point"":0,""execution_day_sun"":0,""execution_day_mon"":0,""execution_day_tues"":0,""execution_day_wed"":0,""execution_day_thu"":0,""execution_day_fri"":0,""execution_day_sat"":0,""reserved"":0},{""id"":7,""enable"":false,""execution_time_point"":0,""execution_day_sun"":0,""execution_day_mon"":0,""execution_day_tues"":0,""execution_day_wed"":0,""execution_day_thu"":0,""execution_day_fri"":0,""execution_day_sat"":0,""reserved"":0},{""id"":8,""enable"":false,""execution_time_point"":0,""execution_day_sun"":0,""execution_day_mon"":0,""execution_day_tues"":0,""execution_day_wed"":0,""execution_day_thu"":0,""execution_day_fri"":0,""execution_day_sat"":0,""reserved"":0},{""id"":9,""enable"":false,""execution_time_point"":0,""execution_day_sun"":0,""execution_day_mon"":0,""execution_day_tues"":0,""execution_day_wed"":0,""execution_day_thu"":0,""execution_day_fri"":0,""execution_day_sat"":0,""reserved"":0},{""id"":10,""enable"":false,""execution_time_point"":0,""execution_day_sun"":0,""execution_day_mon"":0,""execution_day_tues"":0,""execution_day_wed"":0,""execution_day_thu"":0,""execution_day_fri"":0,""execution_day_sat"":0,""reserved"":0},{""id"":11,""enable"":false,""execution_time_point"":0,""execution_day_sun"":0,""execution_day_mon"":0,""execution_day_tues"":0,""execution_day_wed"":0,""execution_day_thu"":0,""execution_day_fri"":0,""execution_day_sat"":0,""reserved"":0},{""id"":12,""enable"":false,""execution_time_point"":0,""execution_day_sun"":0,""execution_day_mon"":0,""execution_day_tues"":0,""execution_day_wed"":0,""execution_day_thu"":0,""execution_day_fri"":0,""execution_day_sat"":0,""reserved"":0},{""id"":13,""enable"":false,""execution_time_point"":0,""execution_day_sun"":0,""execution_day_mon"":0,""execution_day_tues"":0,""execution_day_wed"":0,""execution_day_thu"":0,""execution_day_fri"":0,""execution_day_sat"":0,""reserved"":0},{""id"":14,""enable"":false,""execution_time_point"":0,""execution_day_sun"":0,""execution_day_mon"":0,""execution_day_tues"":0,""execution_day_wed"":0,""execution_day_thu"":0,""execution_day_fri"":0,""execution_day_sat"":0,""reserved"":0},{""id"":15,""enable"":false,""execution_time_point"":0,""execution_day_sun"":0,""execution_day_mon"":0,""execution_day_tues"":0,""execution_day_wed"":0,""execution_day_thu"":0,""execution_day_fri"":0,""execution_day_sat"":0,""reserved"":0}]},{""id"":7,""command"":0,""enable"":false,""name_first"":"""",""name_last"":"""",""content"":{""fan_mode"":0,""heat_target_temperature_enable"":false,""heat_target_temperature"":17,""cool_target_temperature_enable"":false,""cool_target_temperature"":26,""temperature_tolerance_enable"":false,""temperature_tolerance"":2},""cycle_settings"":[{""id"":0,""enable"":false,""execution_time_point"":0,""execution_day_sun"":0,""execution_day_mon"":0,""execution_day_tues"":0,""execution_day_wed"":0,""execution_day_thu"":0,""execution_day_fri"":0,""execution_day_sat"":0,""reserved"":0},{""id"":1,""enable"":false,""execution_time_point"":0,""execution_day_sun"":0,""execution_day_mon"":0,""execution_day_tues"":0,""execution_day_wed"":0,""execution_day_thu"":0,""execution_day_fri"":0,""execution_day_sat"":0,""reserved"":0},{""id"":2,""enable"":false,""execution_time_point"":0,""execution_day_sun"":0,""execution_day_mon"":0,""execution_day_tues"":0,""execution_day_wed"":0,""execution_day_thu"":0,""execution_day_fri"":0,""execution_day_sat"":0,""reserved"":0},{""id"":3,""enable"":false,""execution_time_point"":0,""execution_day_sun"":0,""execution_day_mon"":0,""execution_day_tues"":0,""execution_day_wed"":0,""execution_day_thu"":0,""execution_day_fri"":0,""execution_day_sat"":0,""reserved"":0},{""id"":4,""enable"":false,""execution_time_point"":0,""execution_day_sun"":0,""execution_day_mon"":0,""execution_day_tues"":0,""execution_day_wed"":0,""execution_day_thu"":0,""execution_day_fri"":0,""execution_day_sat"":0,""reserved"":0},{""id"":5,""enable"":false,""execution_time_point"":0,""execution_day_sun"":0,""execution_day_mon"":0,""execution_day_tues"":0,""execution_day_wed"":0,""execution_day_thu"":0,""execution_day_fri"":0,""execution_day_sat"":0,""reserved"":0},{""id"":6,""enable"":false,""execution_time_point"":0,""execution_day_sun"":0,""execution_day_mon"":0,""execution_day_tues"":0,""execution_day_wed"":0,""execution_day_thu"":0,""execution_day_fri"":0,""execution_day_sat"":0,""reserved"":0},{""id"":7,""enable"":false,""execution_time_point"":0,""execution_day_sun"":0,""execution_day_mon"":0,""execution_day_tues"":0,""execution_day_wed"":0,""execution_day_thu"":0,""execution_day_fri"":0,""execution_day_sat"":0,""reserved"":0},{""id"":8,""enable"":false,""execution_time_point"":0,""execution_day_sun"":0,""execution_day_mon"":0,""execution_day_tues"":0,""execution_day_wed"":0,""execution_day_thu"":0,""execution_day_fri"":0,""execution_day_sat"":0,""reserved"":0},{""id"":9,""enable"":false,""execution_time_point"":0,""execution_day_sun"":0,""execution_day_mon"":0,""execution_day_tues"":0,""execution_day_wed"":0,""execution_day_thu"":0,""execution_day_fri"":0,""execution_day_sat"":0,""reserved"":0},{""id"":10,""enable"":false,""execution_time_point"":0,""execution_day_sun"":0,""execution_day_mon"":0,""execution_day_tues"":0,""execution_day_wed"":0,""execution_day_thu"":0,""execution_day_fri"":0,""execution_day_sat"":0,""reserved"":0},{""id"":11,""enable"":false,""execution_time_point"":0,""execution_day_sun"":0,""execution_day_mon"":0,""execution_day_tues"":0,""execution_day_wed"":0,""execution_day_thu"":0,""execution_day_fri"":0,""execution_day_sat"":0,""reserved"":0},{""id"":12,""enable"":false,""execution_time_point"":0,""execution_day_sun"":0,""execution_day_mon"":0,""execution_day_tues"":0,""execution_day_wed"":0,""execution_day_thu"":0,""execution_day_fri"":0,""execution_day_sat"":0,""reserved"":0},{""id"":13,""enable"":false,""execution_time_point"":0,""execution_day_sun"":0,""execution_day_mon"":0,""execution_day_tues"":0,""execution_day_wed"":0,""execution_day_thu"":0,""execution_day_fri"":0,""execution_day_sat"":0,""reserved"":0},{""id"":14,""enable"":false,""execution_time_point"":0,""execution_day_sun"":0,""execution_day_mon"":0,""execution_day_tues"":0,""execution_day_wed"":0,""execution_day_thu"":0,""execution_day_fri"":0,""execution_day_sat"":0,""reserved"":0},{""id"":15,""enable"":false,""execution_time_point"":0,""execution_day_sun"":0,""execution_day_mon"":0,""execution_day_tues"":0,""execution_day_wed"":0,""execution_day_thu"":0,""execution_day_fri"":0,""execution_day_sat"":0,""reserved"":0}]}]",,,,,,,,,,属性,读写,,,,,schedule_settings,array,,,8,,,,,,,TRUE
计划,Schedule Settings,是,,,,schedule_settings,计划设置,Schedule Settings,,,"WT303,
WT303-BK,
WT304,
WT304-BK,
WT303-FLAT-FL",,,,,0x7b,,0,0,,,struct,,,,,,,,,,,,,,,,,,,属性,读写,,,,,schedule_settings._item,struct,,,,,,,,,,TRUE
计划序号,Schedule ID,否,,,,schedule_settings,计划设置,Schedule Settings,,,"WT303,
WT303-BK,
WT304,
WT304-BK,
WT303-FLAT-FL",,,,,0x7b,,0,1,,,uint8,index,,,,,,,0,,0,15,"[0,15]",,,,,,,属性,读写,,,,,schedule_settings._item.id,int,,,,,,,,,,TRUE
子命令,Sub-command,否,,,,schedule_settings,计划设置,Schedule Settings,,,"WT303,
WT303-BK,
WT304,
WT304-BK,
WT303-FLAT-FL",,,,,0x7b,,1,2,,,uint8,type,plan_cmd,,,,,,0,,,,,,,,,,,属性,读写,,,,,schedule_settings._item.command,enum,,,,,,,,,,TRUE
计划使能,Schedule Enable,是,,,,schedule_settings,计划设置,Schedule Settings,,,"WT303,
WT303-BK,
WT304,
WT304-BK,
WT303-FLAT-FL",,,,,0x7b,,0,1,,,uint8,impl,plan_cmd：0x00,,,,"0：禁用
1：启用","0：disable
1：enable",0,,,,"[0,1]",,,,,,,属性,读写,,,,,schedule_settings._item.enable,bool,,,,,,,,,,TRUE
命名前6B,Name (prefix6),是,,目标温度为可选配置，且与加热/制冷功能一一对应，若无明确的温度设定，将只运行通风功能。,"The target temperature is optional and applicable to the corresponding function only. When both Target temperatures are empty, only the ventilation function will be operated.",schedule_settings,计划设置,Schedule Settings,,,"WT303,
WT303-BK,
WT304,
WT304-BK,
WT303-FLAT-FL",,,,,0x7b,,0,6,,,string,impl,plan_cmd：0x01,,,,,,,,,,,,,,,6,utf8,属性,读写,,,,,schedule_settings._item.name_first,string,,6,,,,,否,,,TRUE
命名后4B,Name (suffix4),是,,,,schedule_settings,计划设置,Schedule Settings,,,"WT303,
WT303-BK,
WT304,
WT304-BK,
WT303-FLAT-FL",,,,,0x7b,,0,4,,,string,impl,plan_cmd：0x02,,,,,,,,,,,,,,,4,utf8,属性,读写,,,,,schedule_settings._item.name_last,string,,4,,,,,否,,,TRUE
计划内容,Schedule Content,是,,,,schedule_settings,计划设置,Schedule Settings,,,"WT303,
WT303-BK,
WT304,
WT304-BK,
WT303-FLAT-FL",,,,,0x7b,,0,7,,,struct,impl,plan_cmd：0x03,,,,,,,,,,,,,,,,,属性,读写,,,,,schedule_settings._item.content,struct,,,,,,,,,,TRUE
风扇模式,Fan Mode,是,,,,schedule_settings,计划设置,Schedule Settings,,,"WT303,
WT303-BK,
WT304,
WT304-BK,
WT303-FLAT-FL",,,,,0x7b,,0,1,,,uint8,,,,,,"0：自动
1：低速
2：中速
3：高速","0：Auto
1：Low
2：Medium
3：High",0,,,,"[0,3]",,,,,,,属性,读写,,,,,schedule_settings._item.content.fan_mode,enum,,,,,,,,,,TRUE
制热目标温度使能,Heating Target Temperature Enable,是,,,,schedule_settings,计划设置,Schedule Settings,,,"WT303,
WT303-BK,
WT304,
WT304-BK,
WT303-FLAT-FL",,,,,0x7b,,1,3,0,1,uint16,,,,,,"0：禁用
1：启用","0：disable
1：enable",0,,,,"[0,1]",,,,,,,属性,读写,,,,,schedule_settings._item.content.heat_target_temperature_enable,bool,,,,,,,,,,TRUE
制热目标温度,Heating Target Temperature,是,,,,schedule_settings,计划设置,Schedule Settings,,,"WT303,
WT303-BK,
WT304,
WT304-BK,
WT303-FLAT-FL",,,,,0x7b,,1,3,1,16,int16,,,,,,,,17,,5,35,"[500,3500]",2,0.01,℃,,,,属性,读写,,,,,schedule_settings._item.content.heat_target_temperature,float,,,,,,,,,,TRUE
制冷目标温度使能,Cooling Target Temperature Enable,是,,,,schedule_settings,计划设置,Schedule Settings,,,"WT303,
WT303-BK,
WT304,
WT304-BK,
WT303-FLAT-FL",,,,,0x7b,,3,5,0,1,uint16,,,,,,"0：禁用
1：启用","0：disable
1：enable",0,,,,"[0,1]",,,,,,,属性,读写,,,,,schedule_settings._item.content.cool_target_temperature_enable,bool,,,,,,,,,,TRUE
制冷目标温度,Cooling Target Temperature,是,,,,schedule_settings,计划设置,Schedule Settings,,,"WT303,
WT303-BK,
WT304,
WT304-BK,
WT303-FLAT-FL",,,,,0x7b,,3,5,1,16,int16,,,,,,,,26,,5,35,"[500,3500]",2,0.01,℃,,,,属性,读写,,,,,schedule_settings._item.content.cool_target_temperature,float,,,,,,,,,,TRUE
温度允差使能,Temperature Control Tolerance Enable,是,,,,schedule_settings,计划设置,Schedule Settings,,,"WT303,
WT303-BK,
WT304,
WT304-BK,
WT303-FLAT-FL",,,,,0x7b,,5,7,0,1,uint16,,,,,,"0：禁用
1：启用","0：disable
1：enable",0,,,,"[0,1]",,,,,,,属性,读写,,,,,schedule_settings._item.content.temperature_tolerance_enable,bool,,,,,,,,,,TRUE
温度允差,Temperature Control Tolerance,是,,,,schedule_settings,计划设置,Schedule Settings,,,"WT303,
WT303-BK,
WT304,
WT304-BK,
WT303-FLAT-FL",,,,,0x7b,,5,7,1,16,int16,,,,,,,,2,,0.1,5,"[10,500]",2,0.01,℃,,,,属性,读写,,,,,schedule_settings._item.content.temperature_tolerance,float,,,,,,,,,,TRUE
时间,Time,是,,,,schedule_settings,计划设置,Schedule Settings,,,"WT303,
WT303-BK,
WT304,
WT304-BK,
WT303-FLAT-FL",,,,,0x7b,,0,5,,,array,separate,plan_cmd：0x04,,,struct,,,,,,,,,,,,,,属性,读写,,,,,schedule_settings._item.cycle_settings,array,,,16,,,,,,,TRUE
时间配置,Time Configuration,是,,,,schedule_settings,计划设置,Schedule Settings,,,"WT303,
WT303-BK,
WT304,
WT304-BK,
WT303-FLAT-FL",,,,,0x7b,,0,5,,,struct,,,,,,,,,,,,,,,,,,,属性,读写,,,,,schedule_settings._item.cycle_settings._item,struct,,,,,,,,,,TRUE
时间序号,Time ID,否,,,,schedule_settings,计划设置,Schedule Settings,,,"WT303,
WT303-BK,
WT304,
WT304-BK,
WT303-FLAT-FL",,,,,0x7b,,0,1,,,uint8,index,,,,,,,0,,0,15,,,,,,,,属性,读写,,,,,schedule_settings._item.cycle_settings._item.id,int,,,,,,,,,,TRUE
使能,Enable,是,,,,schedule_settings,计划设置,Schedule Settings,,,"WT303,
WT303-BK,
WT304,
WT304-BK,
WT303-FLAT-FL",,,,,0x7b,,1,2,,,uint8,,,,,,"0：禁用
1：启用","0：disable
1：enable",0,,,,"[0,1]",,,,,,,属性,读写,,,,,schedule_settings._item.cycle_settings._item.enable,bool,,,,,,,,,,TRUE
时间,Time,是,,,,schedule_settings,计划设置,Schedule Settings,,,"WT303,
WT303-BK,
WT304,
WT304-BK,
WT303-FLAT-FL",,,,,0x7b,,2,4,,,uint16,,,,,,,,0,,,,"[0,1439]",,,min,,,,属性,读写,,,,,schedule_settings._item.cycle_settings._item.execution_time_point,local_time,,,,,,,,,,TRUE
周日,Sun.,是,,,,schedule_settings,计划设置,Schedule Settings,,,"WT303,
WT303-BK,
WT304,
WT304-BK,
WT303-FLAT-FL",,,,,0x7b,,4,5,0,1,uint8,,,,,,"0：禁用
1：启用","0：disable
1：enable",0,,,,"[0,1]",,,,,,,属性,读写,,,,,schedule_settings._item.cycle_settings._item.execution_day_sun,bool,,,,,,,,,,TRUE
周一,Mon.,是,,,,schedule_settings,计划设置,Schedule Settings,,,"WT303,
WT303-BK,
WT304,
WT304-BK,
WT303-FLAT-FL",,,,,0x7b,,4,5,1,2,uint8,,,,,,"0：禁用
1：启用","0：disable
1：enable",0,,,,"[0,1]",,,,,,,属性,读写,,,,,schedule_settings._item.cycle_settings._item.execution_day_mon,bool,,,,,,,,,,TRUE
周二,Tues.,是,,,,schedule_settings,计划设置,Schedule Settings,,,"WT303,
WT303-BK,
WT304,
WT304-BK,
WT303-FLAT-FL",,,,,0x7b,,4,5,2,3,uint8,,,,,,"0：禁用
1：启用","0：disable
1：enable",0,,,,"[0,1]",,,,,,,属性,读写,,,,,schedule_settings._item.cycle_settings._item.execution_day_tues,bool,,,,,,,,,,TRUE
周三,Wed.,是,,,,schedule_settings,计划设置,Schedule Settings,,,"WT303,
WT303-BK,
WT304,
WT304-BK,
WT303-FLAT-FL",,,,,0x7b,,4,5,3,4,uint8,,,,,,"0：禁用
1：启用","0：disable
1：enable",0,,,,"[0,1]",,,,,,,属性,读写,,,,,schedule_settings._item.cycle_settings._item.execution_day_wed,bool,,,,,,,,,,TRUE
周四,Thur.,是,,,,schedule_settings,计划设置,Schedule Settings,,,"WT303,
WT303-BK,
WT304,
WT304-BK,
WT303-FLAT-FL",,,,,0x7b,,4,5,4,5,uint8,,,,,,"0：禁用
1：启用","0：disable
1：enable",0,,,,"[0,1]",,,,,,,属性,读写,,,,,schedule_settings._item.cycle_settings._item.execution_day_thu,bool,,,,,,,,,,TRUE
周五,Fri.,是,,,,schedule_settings,计划设置,Schedule Settings,,,"WT303,
WT303-BK,
WT304,
WT304-BK,
WT303-FLAT-FL",,,,,0x7b,,4,5,5,6,uint8,,,,,,"0：禁用
1：启用","0：disable
1：enable",0,,,,"[0,1]",,,,,,,属性,读写,,,,,schedule_settings._item.cycle_settings._item.execution_day_fri,bool,,,,,,,,,,TRUE
周六,Sat.,是,,,,schedule_settings,计划设置,Schedule Settings,,,"WT303,
WT303-BK,
WT304,
WT304-BK,
WT303-FLAT-FL",,,,,0x7b,,4,5,6,7,uint8,,,,,,"0：禁用
1：启用","0：disable
1：enable",0,,,,"[0,1]",,,,,,,属性,读写,,,,,schedule_settings._item.cycle_settings._item.execution_day_sat,bool,,,,,,,,,,TRUE
预留,Reserved,否,,,,schedule_settings,计划设置,Schedule Settings,,,"WT303,
WT303-BK,
WT304,
WT304-BK,
WT303-FLAT-FL",,,,,0x7b,,4,5,7,8,uint8,,,0,,,,,,,,,,,,,,,,属性,读写,,,,,schedule_settings._item.cycle_settings._item.reserved,bool,,,,,,,,,,TRUE
计划设置,Schedule Settings,是,,,,schedule_settings,计划设置,Schedule Settings,,,"WT303-ZH,
WT303-ZG,
WT304-ZH,
WT304-ZG",特殊的，中文仅支持3个计划，实际允许通过命令创建16条,,,,0x7b,,0,0,,,array,separate,,,,struct,,,,"[{""id"":0,""command"":0,""enable"":true,""content"":{""fan_mode"":0,""heat_target_temperature_enable"":true,""heat_target_temperature"":17,""cool_target_temperature_enable"":true,""cool_target_temperature"":25,""temperature_tolerance_enable"":true,""temperature_tolerance"":2},""cycle_settings"":[{""id"":0,""enable"":false,""execution_time_point"":0,""execution_day_sun"":0,""execution_day_mon"":0,""execution_day_tues"":0,""execution_day_wed"":0,""execution_day_thu"":0,""execution_day_fri"":0,""execution_day_sat"":0,""reserved"":0},{""id"":1,""enable"":false,""execution_time_point"":0,""execution_day_sun"":0,""execution_day_mon"":0,""execution_day_tues"":0,""execution_day_wed"":0,""execution_day_thu"":0,""execution_day_fri"":0,""execution_day_sat"":0,""reserved"":0},{""id"":2,""enable"":false,""execution_time_point"":0,""execution_day_sun"":0,""execution_day_mon"":0,""execution_day_tues"":0,""execution_day_wed"":0,""execution_day_thu"":0,""execution_day_fri"":0,""execution_day_sat"":0,""reserved"":0},{""id"":3,""enable"":false,""execution_time_point"":0,""execution_day_sun"":0,""execution_day_mon"":0,""execution_day_tues"":0,""execution_day_wed"":0,""execution_day_thu"":0,""execution_day_fri"":0,""execution_day_sat"":0,""reserved"":0},{""id"":4,""enable"":false,""execution_time_point"":0,""execution_day_sun"":0,""execution_day_mon"":0,""execution_day_tues"":0,""execution_day_wed"":0,""execution_day_thu"":0,""execution_day_fri"":0,""execution_day_sat"":0,""reserved"":0},{""id"":5,""enable"":false,""execution_time_point"":0,""execution_day_sun"":0,""execution_day_mon"":0,""execution_day_tues"":0,""execution_day_wed"":0,""execution_day_thu"":0,""execution_day_fri"":0,""execution_day_sat"":0,""reserved"":0},{""id"":6,""enable"":false,""execution_time_point"":0,""execution_day_sun"":0,""execution_day_mon"":0,""execution_day_tues"":0,""execution_day_wed"":0,""execution_day_thu"":0,""execution_day_fri"":0,""execution_day_sat"":0,""reserved"":0},{""id"":7,""enable"":false,""execution_time_point"":0,""execution_day_sun"":0,""execution_day_mon"":0,""execution_day_tues"":0,""execution_day_wed"":0,""execution_day_thu"":0,""execution_day_fri"":0,""execution_day_sat"":0,""reserved"":0},{""id"":8,""enable"":false,""execution_time_point"":0,""execution_day_sun"":0,""execution_day_mon"":0,""execution_day_tues"":0,""execution_day_wed"":0,""execution_day_thu"":0,""execution_day_fri"":0,""execution_day_sat"":0,""reserved"":0},{""id"":9,""enable"":false,""execution_time_point"":0,""execution_day_sun"":0,""execution_day_mon"":0,""execution_day_tues"":0,""execution_day_wed"":0,""execution_day_thu"":0,""execution_day_fri"":0,""execution_day_sat"":0,""reserved"":0},{""id"":10,""enable"":false,""execution_time_point"":0,""execution_day_sun"":0,""execution_day_mon"":0,""execution_day_tues"":0,""execution_day_wed"":0,""execution_day_thu"":0,""execution_day_fri"":0,""execution_day_sat"":0,""reserved"":0},{""id"":11,""enable"":false,""execution_time_point"":0,""execution_day_sun"":0,""execution_day_mon"":0,""execution_day_tues"":0,""execution_day_wed"":0,""execution_day_thu"":0,""execution_day_fri"":0,""execution_day_sat"":0,""reserved"":0},{""id"":12,""enable"":false,""execution_time_point"":0,""execution_day_sun"":0,""execution_day_mon"":0,""execution_day_tues"":0,""execution_day_wed"":0,""execution_day_thu"":0,""execution_day_fri"":0,""execution_day_sat"":0,""reserved"":0},{""id"":13,""enable"":false,""execution_time_point"":0,""execution_day_sun"":0,""execution_day_mon"":0,""execution_day_tues"":0,""execution_day_wed"":0,""execution_day_thu"":0,""execution_day_fri"":0,""execution_day_sat"":0,""reserved"":0},{""id"":14,""enable"":false,""execution_time_point"":0,""execution_day_sun"":0,""execution_day_mon"":0,""execution_day_tues"":0,""execution_day_wed"":0,""execution_day_thu"":0,""execution_day_fri"":0,""execution_day_sat"":0,""reserved"":0},{""id"":15,""enable"":false,""execution_time_point"":0,""execution_day_sun"":0,""execution_day_mon"":0,""execution_day_tues"":0,""execution_day_wed"":0,""execution_day_thu"":0,""execution_day_fri"":0,""execution_day_sat"":0,""reserved"":0}]},{""id"":1,""command"":0,""enable"":true,""content"":{""fan_mode"":0,""heat_target_temperature_enable"":true,""heat_target_temperature"":12,""cool_target_temperature_enable"":true,""cool_target_temperature"":30,""temperature_tolerance_enable"":true,""temperature_tolerance"":5},""cycle_settings"":[{""id"":0,""enable"":false,""execution_time_point"":0,""execution_day_sun"":0,""execution_day_mon"":0,""execution_day_tues"":0,""execution_day_wed"":0,""execution_day_thu"":0,""execution_day_fri"":0,""execution_day_sat"":0,""reserved"":0},{""id"":1,""enable"":false,""execution_time_point"":0,""execution_day_sun"":0,""execution_day_mon"":0,""execution_day_tues"":0,""execution_day_wed"":0,""execution_day_thu"":0,""execution_day_fri"":0,""execution_day_sat"":0,""reserved"":0},{""id"":2,""enable"":false,""execution_time_point"":0,""execution_day_sun"":0,""execution_day_mon"":0,""execution_day_tues"":0,""execution_day_wed"":0,""execution_day_thu"":0,""execution_day_fri"":0,""execution_day_sat"":0,""reserved"":0},{""id"":3,""enable"":false,""execution_time_point"":0,""execution_day_sun"":0,""execution_day_mon"":0,""execution_day_tues"":0,""execution_day_wed"":0,""execution_day_thu"":0,""execution_day_fri"":0,""execution_day_sat"":0,""reserved"":0},{""id"":4,""enable"":false,""execution_time_point"":0,""execution_day_sun"":0,""execution_day_mon"":0,""execution_day_tues"":0,""execution_day_wed"":0,""execution_day_thu"":0,""execution_day_fri"":0,""execution_day_sat"":0,""reserved"":0},{""id"":5,""enable"":false,""execution_time_point"":0,""execution_day_sun"":0,""execution_day_mon"":0,""execution_day_tues"":0,""execution_day_wed"":0,""execution_day_thu"":0,""execution_day_fri"":0,""execution_day_sat"":0,""reserved"":0},{""id"":6,""enable"":false,""execution_time_point"":0,""execution_day_sun"":0,""execution_day_mon"":0,""execution_day_tues"":0,""execution_day_wed"":0,""execution_day_thu"":0,""execution_day_fri"":0,""execution_day_sat"":0,""reserved"":0},{""id"":7,""enable"":false,""execution_time_point"":0,""execution_day_sun"":0,""execution_day_mon"":0,""execution_day_tues"":0,""execution_day_wed"":0,""execution_day_thu"":0,""execution_day_fri"":0,""execution_day_sat"":0,""reserved"":0},{""id"":8,""enable"":false,""execution_time_point"":0,""execution_day_sun"":0,""execution_day_mon"":0,""execution_day_tues"":0,""execution_day_wed"":0,""execution_day_thu"":0,""execution_day_fri"":0,""execution_day_sat"":0,""reserved"":0},{""id"":9,""enable"":false,""execution_time_point"":0,""execution_day_sun"":0,""execution_day_mon"":0,""execution_day_tues"":0,""execution_day_wed"":0,""execution_day_thu"":0,""execution_day_fri"":0,""execution_day_sat"":0,""reserved"":0},{""id"":10,""enable"":false,""execution_time_point"":0,""execution_day_sun"":0,""execution_day_mon"":0,""execution_day_tues"":0,""execution_day_wed"":0,""execution_day_thu"":0,""execution_day_fri"":0,""execution_day_sat"":0,""reserved"":0},{""id"":11,""enable"":false,""execution_time_point"":0,""execution_day_sun"":0,""execution_day_mon"":0,""execution_day_tues"":0,""execution_day_wed"":0,""execution_day_thu"":0,""execution_day_fri"":0,""execution_day_sat"":0,""reserved"":0},{""id"":12,""enable"":false,""execution_time_point"":0,""execution_day_sun"":0,""execution_day_mon"":0,""execution_day_tues"":0,""execution_day_wed"":0,""execution_day_thu"":0,""execution_day_fri"":0,""execution_day_sat"":0,""reserved"":0},{""id"":13,""enable"":false,""execution_time_point"":0,""execution_day_sun"":0,""execution_day_mon"":0,""execution_day_tues"":0,""execution_day_wed"":0,""execution_day_thu"":0,""execution_day_fri"":0,""execution_day_sat"":0,""reserved"":0},{""id"":14,""enable"":false,""execution_time_point"":0,""execution_day_sun"":0,""execution_day_mon"":0,""execution_day_tues"":0,""execution_day_wed"":0,""execution_day_thu"":0,""execution_day_fri"":0,""execution_day_sat"":0,""reserved"":0},{""id"":15,""enable"":false,""execution_time_point"":0,""execution_day_sun"":0,""execution_day_mon"":0,""execution_day_tues"":0,""execution_day_wed"":0,""execution_day_thu"":0,""execution_day_fri"":0,""execution_day_sat"":0,""reserved"":0}]},{""id"":2,""command"":0,""enable"":true,""content"":{""fan_mode"":0,""heat_target_temperature_enable"":true,""heat_target_temperature"":15,""cool_target_temperature_enable"":true,""cool_target_temperature"":26,""temperature_tolerance_enable"":true,""temperature_tolerance"":2},""cycle_settings"":[{""id"":0,""enable"":false,""execution_time_point"":0,""execution_day_sun"":0,""execution_day_mon"":0,""execution_day_tues"":0,""execution_day_wed"":0,""execution_day_thu"":0,""execution_day_fri"":0,""execution_day_sat"":0,""reserved"":0},{""id"":1,""enable"":false,""execution_time_point"":0,""execution_day_sun"":0,""execution_day_mon"":0,""execution_day_tues"":0,""execution_day_wed"":0,""execution_day_thu"":0,""execution_day_fri"":0,""execution_day_sat"":0,""reserved"":0},{""id"":2,""enable"":false,""execution_time_point"":0,""execution_day_sun"":0,""execution_day_mon"":0,""execution_day_tues"":0,""execution_day_wed"":0,""execution_day_thu"":0,""execution_day_fri"":0,""execution_day_sat"":0,""reserved"":0},{""id"":3,""enable"":false,""execution_time_point"":0,""execution_day_sun"":0,""execution_day_mon"":0,""execution_day_tues"":0,""execution_day_wed"":0,""execution_day_thu"":0,""execution_day_fri"":0,""execution_day_sat"":0,""reserved"":0},{""id"":4,""enable"":false,""execution_time_point"":0,""execution_day_sun"":0,""execution_day_mon"":0,""execution_day_tues"":0,""execution_day_wed"":0,""execution_day_thu"":0,""execution_day_fri"":0,""execution_day_sat"":0,""reserved"":0},{""id"":5,""enable"":false,""execution_time_point"":0,""execution_day_sun"":0,""execution_day_mon"":0,""execution_day_tues"":0,""execution_day_wed"":0,""execution_day_thu"":0,""execution_day_fri"":0,""execution_day_sat"":0,""reserved"":0},{""id"":6,""enable"":false,""execution_time_point"":0,""execution_day_sun"":0,""execution_day_mon"":0,""execution_day_tues"":0,""execution_day_wed"":0,""execution_day_thu"":0,""execution_day_fri"":0,""execution_day_sat"":0,""reserved"":0},{""id"":7,""enable"":false,""execution_time_point"":0,""execution_day_sun"":0,""execution_day_mon"":0,""execution_day_tues"":0,""execution_day_wed"":0,""execution_day_thu"":0,""execution_day_fri"":0,""execution_day_sat"":0,""reserved"":0},{""id"":8,""enable"":false,""execution_time_point"":0,""execution_day_sun"":0,""execution_day_mon"":0,""execution_day_tues"":0,""execution_day_wed"":0,""execution_day_thu"":0,""execution_day_fri"":0,""execution_day_sat"":0,""reserved"":0},{""id"":9,""enable"":false,""execution_time_point"":0,""execution_day_sun"":0,""execution_day_mon"":0,""execution_day_tues"":0,""execution_day_wed"":0,""execution_day_thu"":0,""execution_day_fri"":0,""execution_day_sat"":0,""reserved"":0},{""id"":10,""enable"":false,""execution_time_point"":0,""execution_day_sun"":0,""execution_day_mon"":0,""execution_day_tues"":0,""execution_day_wed"":0,""execution_day_thu"":0,""execution_day_fri"":0,""execution_day_sat"":0,""reserved"":0},{""id"":11,""enable"":false,""execution_time_point"":0,""execution_day_sun"":0,""execution_day_mon"":0,""execution_day_tues"":0,""execution_day_wed"":0,""execution_day_thu"":0,""execution_day_fri"":0,""execution_day_sat"":0,""reserved"":0},{""id"":12,""enable"":false,""execution_time_point"":0,""execution_day_sun"":0,""execution_day_mon"":0,""execution_day_tues"":0,""execution_day_wed"":0,""execution_day_thu"":0,""execution_day_fri"":0,""execution_day_sat"":0,""reserved"":0},{""id"":13,""enable"":false,""execution_time_point"":0,""execution_day_sun"":0,""execution_day_mon"":0,""execution_day_tues"":0,""execution_day_wed"":0,""execution_day_thu"":0,""execution_day_fri"":0,""execution_day_sat"":0,""reserved"":0},{""id"":14,""enable"":false,""execution_time_point"":0,""execution_day_sun"":0,""execution_day_mon"":0,""execution_day_tues"":0,""execution_day_wed"":0,""execution_day_thu"":0,""execution_day_fri"":0,""execution_day_sat"":0,""reserved"":0},{""id"":15,""enable"":false,""execution_time_point"":0,""execution_day_sun"":0,""execution_day_mon"":0,""execution_day_tues"":0,""execution_day_wed"":0,""execution_day_thu"":0,""execution_day_fri"":0,""execution_day_sat"":0,""reserved"":0}]}]",,,,,,,,,,属性,读写,,,,,schedule_settings,array,,,3,,,,,,,FALSE
计划,Schedule Settings,是,,,,schedule_settings,计划设置,Schedule Settings,,,"WT303-ZH,
WT303-ZG,
WT304-ZH,
WT304-ZG",,,,,0x7b,,0,0,,,struct,,,,,,,,,,,,,,,,,,,属性,读写,,,,,schedule_settings._item,struct,,,,,,,,,,FALSE
计划序号,Schedule ID,否,,,,schedule_settings,计划设置,Schedule Settings,,,"WT303-ZH,
WT303-ZG,
WT304-ZH,
WT304-ZG",,,,,0x7b,,0,1,,,uint8,index,,,,,,,0,,0,15,"[0,15]",,,,,,,属性,读写,,,,,schedule_settings._item.id,int,,,,,,,,,,FALSE
子命令,Sub-command,否,,,,schedule_settings,计划设置,Schedule Settings,,,"WT303-ZH,
WT303-ZG,
WT304-ZH,
WT304-ZG",,,,,0x7b,,1,2,,,uint8,type,plan_cmd,,,,,,0,,,,,,,,,,,属性,读写,,,,,schedule_settings._item.command,enum,,,,,,,,,,FALSE
计划使能,Schedule Enable,是,,,,schedule_settings,计划设置,Schedule Settings,,,"WT303-ZH,
WT303-ZG,
WT304-ZH,
WT304-ZG",,,,,0x7b,,0,1,,,uint8,impl,plan_cmd：0x00,,,,"0：禁用
1：启用","0：disable
1：enable",0,,,,"[0,1]",,,,,,,属性,读写,,,,,schedule_settings._item.enable,bool,,,,,,,,,,FALSE
命名前6B,Name (prefix6),否,,目标温度为可选配置，且与加热/制冷功能一一对应，若无明确的温度设定，将只运行通风功能。,"The target temperature is optional and applicable to the corresponding function only. When both Target temperatures are empty, only the ventilation function will be operated.",schedule_settings,计划设置,Schedule Settings,,,"WT303-ZH,
WT303-ZG,
WT304-ZH,
WT304-ZG",,,,,0x7b,,0,6,,,string,impl,plan_cmd：0x01,,,,,,,,,,,,,,,6,utf8,属性,读写,,,,,schedule_settings._item.name_first,string,,6,,,,,否,,1,FALSE
命名后4B,Name (suffix4),否,,,,schedule_settings,计划设置,Schedule Settings,,,"WT303-ZH,
WT303-ZG,
WT304-ZH,
WT304-ZG",,,,,0x7b,,0,4,,,string,impl,plan_cmd：0x02,,,,,,,,,,,,,,,4,utf8,属性,读写,,,,,schedule_settings._item.name_last,string,,4,,,,,否,,1,FALSE
计划内容,Schedule Content,是,,,,schedule_settings,计划设置,Schedule Settings,,,"WT303-ZH,
WT303-ZG,
WT304-ZH,
WT304-ZG",,,,,0x7b,,0,7,,,struct,impl,plan_cmd：0x03,,,,,,,,,,,,,,,,,属性,读写,,,,,schedule_settings._item.content,struct,,,,,,,,,,FALSE
风扇模式,Fan Mode,是,,,,schedule_settings,计划设置,Schedule Settings,,,"WT303-ZH,
WT303-ZG,
WT304-ZH,
WT304-ZG",,,,,0x7b,,0,1,,,uint8,,,,,,"0：自动
1：低速
2：中速
3：高速","0：auto
1：low
2：medium
3：high",0,,,,"[0,3]",,,,,,,属性,读写,,,,,schedule_settings._item.content.fan_mode,enum,,,,,,,,,,FALSE
制热目标温度使能,Heating Target Temperature Enable,是,,,,schedule_settings,计划设置,Schedule Settings,,,"WT303-ZH,
WT303-ZG,
WT304-ZH,
WT304-ZG",,,,,0x7b,,1,3,0,1,uint16,,,,,,"0：禁用
1：启用","0：disable
1：enable",0,,,,"[0,1]",,,,,,,属性,读写,,,,,schedule_settings._item.content.heat_target_temperature_enable,bool,,,,,,,,,,FALSE
制热目标温度,Heating Target Temperature,是,,,,schedule_settings,计划设置,Schedule Settings,,,"WT303-ZH,
WT303-ZG,
WT304-ZH,
WT304-ZG",,,,,0x7b,,1,3,1,16,int16,,,,,,,,17,,5,35,"[500,3500]",2,0.01,℃,,,,属性,读写,,,,,schedule_settings._item.content.heat_target_temperature,float,,,,,,,,,,FALSE
制冷目标温度使能,Cooling Target Temperature Enable,是,,,,schedule_settings,计划设置,Schedule Settings,,,"WT303-ZH,
WT303-ZG,
WT304-ZH,
WT304-ZG",,,,,0x7b,,3,5,0,1,uint16,,,,,,"0：禁用
1：启用","0：disable
1：enable",0,,,,"[0,1]",,,,,,,属性,读写,,,,,schedule_settings._item.content.cool_target_temperature_enable,bool,,,,,,,,,,FALSE
制冷目标温度,Cooling Target Temperature,是,,,,schedule_settings,计划设置,Schedule Settings,,,"WT303-ZH,
WT303-ZG,
WT304-ZH,
WT304-ZG",,,,,0x7b,,3,5,1,16,int16,,,,,,,,26,,5,35,"[500,3500]",2,0.01,℃,,,,属性,读写,,,,,schedule_settings._item.content.cool_target_temperature,float,,,,,,,,,,FALSE
温度允差使能,Temperature Control Tolerance Enable,是,,,,schedule_settings,计划设置,Schedule Settings,,,"WT303-ZH,
WT303-ZG,
WT304-ZH,
WT304-ZG",,,,,0x7b,,5,7,0,1,uint16,,,,,,"0：禁用
1：启用","0：disable
1：enable",0,,,,"[0,1]",,,,,,,属性,读写,,,,,schedule_settings._item.content.temperature_tolerance_enable,bool,,,,,,,,,,FALSE
温度允差,Temperature Control Tolerance,是,,,,schedule_settings,计划设置,Schedule Settings,,,"WT303-ZH,
WT303-ZG,
WT304-ZH,
WT304-ZG",,,,,0x7b,,5,7,1,16,int16,,,,,,,,2,,0.1,5,"[10,500]",2,0.01,℃,,,,属性,读写,,,,,schedule_settings._item.content.temperature_tolerance,float,,,,,,,,,,FALSE
时间,Time,是,,,,schedule_settings,计划设置,Schedule Settings,,,"WT303-ZH,
WT303-ZG,
WT304-ZH,
WT304-ZG",,,,,0x7b,,0,5,,,array,separate,plan_cmd：0x04,,,struct,,,,,,,,,,,,,,属性,读写,,,,,schedule_settings._item.cycle_settings,array,,,16,,,,,,,FALSE
时间配置,Time Configuration,是,,,,schedule_settings,计划设置,Schedule Settings,,,"WT303-ZH,
WT303-ZG,
WT304-ZH,
WT304-ZG",,,,,0x7b,,0,5,,,struct,,,,,,,,,,,,,,,,,,,属性,读写,,,,,schedule_settings._item.cycle_settings._item,struct,,,,,,,,,,FALSE
时间序号,Time ID,否,,,,schedule_settings,计划设置,Schedule Settings,,,"WT303-ZH,
WT303-ZG,
WT304-ZH,
WT304-ZG",,,,,0x7b,,0,1,,,uint8,index,,,,,,,0,,0,15,,,,,,,,属性,读写,,,,,schedule_settings._item.cycle_settings._item.id,int,,,,,,,,,,FALSE
使能,Enable,是,,,,schedule_settings,计划设置,Schedule Settings,,,"WT303-ZH,
WT303-ZG,
WT304-ZH,
WT304-ZG",,,,,0x7b,,1,2,,,uint8,,,,,,"0：禁用
1：启用","0：disable
1：enable",0,,,,"[0,1]",,,,,,,属性,读写,,,,,schedule_settings._item.cycle_settings._item.enable,bool,,,,,,,,,,FALSE
时间,Time,是,,,,schedule_settings,计划设置,Schedule Settings,,,"WT303-ZH,
WT303-ZG,
WT304-ZH,
WT304-ZG",,,,,0x7b,,2,4,,,uint16,,,,,,,,0,,,,"[0,1439]",,,min,,,,属性,读写,,,,,schedule_settings._item.cycle_settings._item.execution_time_point,local_time,,,,,,,,,,FALSE
周日,Sun.,是,,,,schedule_settings,计划设置,Schedule Settings,,,"WT303-ZH,
WT303-ZG,
WT304-ZH,
WT304-ZG",,,,,0x7b,,4,5,0,1,uint8,,,,,,"0：禁用
1：启用","0：disable
1：enable",0,,,,"[0,1]",,,,,,,属性,读写,,,,,schedule_settings._item.cycle_settings._item.execution_day_sun,bool,,,,,,,,,,FALSE
周一,Mon.,是,,,,schedule_settings,计划设置,Schedule Settings,,,"WT303-ZH,
WT303-ZG,
WT304-ZH,
WT304-ZG",,,,,0x7b,,4,5,1,2,uint8,,,,,,"0：禁用
1：启用","0：disable
1：enable",0,,,,"[0,1]",,,,,,,属性,读写,,,,,schedule_settings._item.cycle_settings._item.execution_day_mon,bool,,,,,,,,,,FALSE
周二,Tues.,是,,,,schedule_settings,计划设置,Schedule Settings,,,"WT303-ZH,
WT303-ZG,
WT304-ZH,
WT304-ZG",,,,,0x7b,,4,5,2,3,uint8,,,,,,"0：禁用
1：启用","0：disable
1：enable",0,,,,"[0,1]",,,,,,,属性,读写,,,,,schedule_settings._item.cycle_settings._item.execution_day_tues,bool,,,,,,,,,,FALSE
周三,Wed.,是,,,,schedule_settings,计划设置,Schedule Settings,,,"WT303-ZH,
WT303-ZG,
WT304-ZH,
WT304-ZG",,,,,0x7b,,4,5,3,4,uint8,,,,,,"0：禁用
1：启用","0：disable
1：enable",0,,,,"[0,1]",,,,,,,属性,读写,,,,,schedule_settings._item.cycle_settings._item.execution_day_wed,bool,,,,,,,,,,FALSE
周四,Thur.,是,,,,schedule_settings,计划设置,Schedule Settings,,,"WT303-ZH,
WT303-ZG,
WT304-ZH,
WT304-ZG",,,,,0x7b,,4,5,4,5,uint8,,,,,,"0：禁用
1：启用","0：disable
1：enable",0,,,,"[0,1]",,,,,,,属性,读写,,,,,schedule_settings._item.cycle_settings._item.execution_day_thu,bool,,,,,,,,,,FALSE
周五,Fri.,是,,,,schedule_settings,计划设置,Schedule Settings,,,"WT303-ZH,
WT303-ZG,
WT304-ZH,
WT304-ZG",,,,,0x7b,,4,5,5,6,uint8,,,,,,"0：禁用
1：启用","0：disable
1：enable",0,,,,"[0,1]",,,,,,,属性,读写,,,,,schedule_settings._item.cycle_settings._item.execution_day_fri,bool,,,,,,,,,,FALSE
周六,Sat.,是,,,,schedule_settings,计划设置,Schedule Settings,,,"WT303-ZH,
WT303-ZG,
WT304-ZH,
WT304-ZG",,,,,0x7b,,4,5,6,7,uint8,,,,,,"0：禁用
1：启用","0：disable
1：enable",0,,,,"[0,1]",,,,,,,属性,读写,,,,,schedule_settings._item.cycle_settings._item.execution_day_sat,bool,,,,,,,,,,FALSE
预留,Reserved,否,,,,schedule_settings,计划设置,Schedule Settings,,,"WT303-ZH,
WT303-ZG,
WT304-ZH,
WT304-ZG",,,,,0x7b,,4,5,7,8,uint8,,,0,,,,,,,,,,,,,,,,属性,读写,,,,,schedule_settings._item.cycle_settings._item.reserved,bool,,,,,,,,,,FALSE
接口设置,Interface Settings,是,,,,installation_settings,安装设置,Installation Settings,,,"WT303,
WT303-BK,
WT303-ZH,
WT303-ZG,
WT303-FLAT-FL",,,,,0x7c,,0,0,,,struct,,,,,,,,,,,,,,,,,,,属性,读写,,,,,interface_settings,struct,,,,,,,,,,TRUE
系统类型,System Type,是,,,,installation_settings,安装设置,Installation Settings,,,"WT303,
WT303-BK,
WT303-ZH,
WT303-ZG,
WT303-FLAT-FL",,,,,0x7c,,0,1,,,uint8,type(one_of),interface_config,,,,,,1,,,,"[0,2]",,,,,,,属性,读写,,,,,interface_settings.object,enum,,,,,,,,,,TRUE
四管两线阀+三速风机,"Four-pipe, Two-wire Valve+Three-speeds Fan",是,,,,installation_settings,安装设置,Installation Settings,,,"WT303,
WT303-BK,
WT303-ZH,
WT303-ZG,
WT303-FLAT-FL",,,,,0x7c,,0,2,,,struct,impl,interface_config：0x00,,,,,,,,,,,,,,,,,属性,读写,,,,,interface_settings.valve_4_pipe_2_wire,struct,,,,,,,,,,TRUE
冷水阀,Cooling Valve,是,,,,installation_settings,安装设置,Installation Settings,,,"WT303,
WT303-BK,
WT303-ZH,
WT303-ZG,
WT303-FLAT-FL",,,,,0x7c,,0,1,,,uint8,,,,,,"1：V1/ NO
2：V2/ NC","1：V1/ NO
2：V2/ NC",1,,,,"[1,2]",,,,,,,属性,读写,,,,,interface_settings.valve_4_pipe_2_wire.cooling,enum,,,,,,,,,,TRUE
热水阀,Heating Valve,是,,,,installation_settings,安装设置,Installation Settings,,,"WT303,
WT303-BK,
WT303-ZH,
WT303-ZG,
WT303-FLAT-FL",,,,,0x7c,,1,2,,,uint8,,,,,,"1：V1/ NO
2：V2/ NC","1：V1/ NO
2：V2/ NC",2,,,,"[1,2]",,,,,,,属性,读写,,,,,interface_settings.valve_4_pipe_2_wire.heating,enum,,,,,,,,,,TRUE
两管两线阀+三速风机,"Two-pipe, Two-wire Valve+Three-speeds Fan",是,,,,installation_settings,安装设置,Installation Settings,,,"WT303,
WT303-BK,
WT303-ZH,
WT303-ZG,
WT303-FLAT-FL",,,,,0x7c,,0,1,,,struct,impl,interface_config：0x01,,,,,,,,,,,,,,,,,属性,读写,,,,,interface_settings.valve_2_pipe_2_wire,struct,,,,,,,,,,TRUE
控制阀,Valve,是,,,,installation_settings,安装设置,Installation Settings,,,"WT303,
WT303-BK,
WT303-ZH,
WT303-ZG,
WT303-FLAT-FL",,,,,0x7c,,0,1,,,uint8,,,,,,"1：V1/ NO
2：V2/ NC","1：V1/ NO
2：V2/ NC",1,,,,"[1,2]",,,,,,,属性,读写,,,,,interface_settings.valve_2_pipe_2_wire.control,enum,,,,,,,,,,TRUE
两管三线阀+三速风机,"Two-pipe, Three-wire Valve+Three-speeds Fan",是,,,,installation_settings,安装设置,Installation Settings,,,"WT303,
WT303-BK,
WT303-ZH,
WT303-ZG,
WT303-FLAT-FL",,,,,0x7c,,0,2,,,struct,impl,interface_config：0x02,,,,,,,,,,,,,,,,,属性,读写,,,,,interface_settings.valve_2_pipe_3_wire,struct,,,,,,,,,,TRUE
NO,NO,是,,,,installation_settings,安装设置,Installation Settings,,,"WT303,
WT303-BK,
WT303-ZH,
WT303-ZG,
WT303-FLAT-FL",,,,,0x7c,,0,1,,,uint8,,,,,,"1：V1/ NO
2：V2/ NC","1：V1/ NO
2：V2/ NC",1,,,,"[1,2]",,,,,,,属性,读写,,,,,interface_settings.valve_2_pipe_3_wire.no,enum,,,,,,,,,,TRUE
NC,NC,是,,,,installation_settings,安装设置,Installation Settings,,,"WT303,
WT303-BK,
WT303-ZH,
WT303-ZG,
WT303-FLAT-FL",,,,,0x7c,,1,2,,,uint8,,,,,,"1：V1/ NO
2：V2/ NC","1：V1/ NO
2：V2/ NC",2,,,,"[1,2]",,,,,,,属性,读写,,,,,interface_settings.valve_2_pipe_3_wire.nc,enum,,,,,,,,,,TRUE
接口设置,Interface Settings,是,,,,installation_settings,安装设置,Installation Settings,,,"WT304,
WT304-BK,
WT304-ZH,
WT304-ZG",,,,,0x7c,,0,0,,,struct,,,,,,,,,,,,,,,,,,,属性,读写,,,,,interface_settings,struct,,,,,,,,,,FALSE
系统类型,System Type,是,,,,installation_settings,安装设置,Installation Settings,,,"WT304,
WT304-BK,
WT304-ZH,
WT304-ZG",,,,,0x7c,,0,1,,,uint8,type(one_of),interface_config,,,,,,1,,,,"[0,5]",,,,,,,属性,读写,,,,,interface_settings.object,enum,,,,,,,,,,FALSE
四管0~10V阀+三速风机,"Four-pipe, 0~10V Valve+Three-speeds Fan",是,,,,installation_settings,安装设置,Installation Settings,,,"WT304,
WT304-BK,
WT304-ZH,
WT304-ZG",,,,,0x7c,,0,2,,,struct,impl,interface_config：0x00,,,,,,,,,,,,,,,,,属性,读写,,,,,interface_settings.valve_4_pipe_10_v,struct,,,,,,,,,,FALSE
冷水阀,Cooling Valve,是,,,,installation_settings,安装设置,Installation Settings,,,"WT304,
WT304-BK,
WT304-ZH,
WT304-ZG",,,,,0x7c,,0,1,,,uint8,,,,,,"1：AO1
2：AO2","1：AO1
2：AO2",1,,,,"[1,2]",,,,,,,属性,读写,,,,,interface_settings.valve_4_pipe_10_v.cooling,enum,,,,,,,,,,FALSE
热水阀,Heating Valve,是,,,,installation_settings,安装设置,Installation Settings,,,"WT304,
WT304-BK,
WT304-ZH,
WT304-ZG",,,,,0x7c,,1,2,,,uint8,,,,,,"1：AO1
2：AO2","1：AO1
2：AO2",2,,,,"[1,2]",,,,,,,属性,读写,,,,,interface_settings.valve_4_pipe_10_v.heating,enum,,,,,,,,,,FALSE
两管0~10V阀+三速风机,"Two-pipe, 0~10V Valve+Three-speeds Fan",是,,,,installation_settings,安装设置,Installation Settings,,,"WT304,
WT304-BK,
WT304-ZH,
WT304-ZG",,,,,0x7c,,0,1,,,struct,impl,interface_config：0x01,,,,,,,,,,,,,,,,,属性,读写,,,,,interface_settings.valve_2_pipe_10_v,struct,,,,,,,,,,FALSE
控制阀,Valve,是,,,,installation_settings,安装设置,Installation Settings,,,"WT304,
WT304-BK,
WT304-ZH,
WT304-ZG",,,,,0x7c,,0,1,,,uint8,,,,,,"1：AO1
2：AO2","1：AO1
2：AO2",1,,,,"[1,2]",,,,,,,属性,读写,,,,,interface_settings.valve_2_pipe_10_v.control,enum,,,,,,,,,,FALSE
两管0~10V阀+EC风机,"Two-pipe, 0~10V Valve+EC Fan",是,,,,installation_settings,安装设置,Installation Settings,,,"WT304,
WT304-BK,
WT304-ZH,
WT304-ZG",,,,,0x7c,,0,3,,,struct,impl,interface_config：0x02,,,,,,,,,,,,,,,,,属性,读写,,,,,interface_settings.valve_2_pipe_10_v_fan_ec,struct,,,,,,,,,,FALSE
控制阀,Valve,是,,,,installation_settings,安装设置,Installation Settings,,,"WT304,
WT304-BK,
WT304-ZH,
WT304-ZG",,,,,0x7c,,0,1,,,uint8,,,,,,"1：AO1
2：AO2","1：AO1
2：AO2",1,,,,"[1,2]",,,,,,,属性,读写,,,,,interface_settings.valve_2_pipe_10_v_fan_ec.control,enum,,,,,,,,,,FALSE
EC风机,EC Fan,是,,,,installation_settings,安装设置,Installation Settings,,,"WT304,
WT304-BK,
WT304-ZH,
WT304-ZG",,,,,0x7c,,1,2,,,uint8,,,,,,"1：AO1
2：AO2","1：AO1
2：AO2",2,,,,"[1,2]",,,,,,,属性,读写,,,,,interface_settings.valve_2_pipe_10_v_fan_ec.fan,enum,,,,,,,,,,FALSE
风机电源,Fan Power WIre,是,,,,installation_settings,安装设置,Installation Settings,,,"WT304,
WT304-BK,
WT304-ZH,
WT304-ZG",,,,,0x7c,,2,3,,,uint8,,,,,,"0：无
3：Q1
4：Q2
5：Q3","0：None
3：Q1
4：Q2
5：Q3",5,,,,"[0,5]",,,,,,,属性,读写,,,,,interface_settings.valve_2_pipe_10_v_fan_ec.fan_power,enum,,,,,,,,,,FALSE
四管两线阀+EC风机,"Four-pipe,Two-wire Valve+EC Fan",是,,,,installation_settings,安装设置,Installation Settings,,,"WT304,
WT304-BK,
WT304-ZH,
WT304-ZG",,,,,0x7c,,0,4,,,struct,impl,interface_config：0x03,,,,,,,,,,,,,,,,,属性,读写,,,,,interface_settings.valve_4_pipe_2_wire_fan_ec,struct,,,,,,,,,,FALSE
冷水阀,Cooling Valve,是,,,,installation_settings,安装设置,Installation Settings,,,"WT304,
WT304-BK,
WT304-ZH,
WT304-ZG",,,,,0x7c,,0,1,,,uint8,,,,,,"3：Q1
4：Q2
5：Q3","3：Q1
4：Q2
5：Q3",3,,,,"[0,5]",,,,,,,属性,读写,,,,,interface_settings.valve_4_pipe_2_wire_fan_ec.cooling,enum,,,,,,,,,,FALSE
热水阀,Heating Valve,是,,,,installation_settings,安装设置,Installation Settings,,,"WT304,
WT304-BK,
WT304-ZH,
WT304-ZG",,,,,0x7c,,1,2,,,uint8,,,,,,"3：Q1
4：Q2
5：Q3","3：Q1
4：Q2
5：Q3",4,,,,"[0,5]",,,,,,,属性,读写,,,,,interface_settings.valve_4_pipe_2_wire_fan_ec.heating,enum,,,,,,,,,,FALSE
EC风机,EC Fan,是,,,,installation_settings,安装设置,Installation Settings,,,"WT304,
WT304-BK,
WT304-ZH,
WT304-ZG",,,,,0x7c,,2,3,,,uint8,,,,,,"1：AO1
2：AO2","1：AO1
2：AO2",2,,,,"[1,2]",,,,,,,属性,读写,,,,,interface_settings.valve_4_pipe_2_wire_fan_ec.fan,enum,,,,,,,,,,FALSE
风机电源,Fan Power WIre,是,,,,installation_settings,安装设置,Installation Settings,,,"WT304,
WT304-BK,
WT304-ZH,
WT304-ZG",,,,,0x7c,,3,4,,,uint8,,,,,,"0：无
3：Q1
4：Q2
5：Q3","0：None
3：Q1
4：Q2
5：Q3",5,,,,"[0,5]",,,,,,,属性,读写,,,,,interface_settings.valve_4_pipe_2_wire_fan_ec.fan_power,enum,,,,,,,,,,FALSE
两管两线阀+EC风机,"Two-pipe, Two-wire Valve+EC Fan",是,,,,installation_settings,安装设置,Installation Settings,,,"WT304,
WT304-BK,
WT304-ZH,
WT304-ZG",,,,,0x7c,,0,3,,,struct,impl,interface_config：0x04,,,,,,,,,,,,,,,,,属性,读写,,,,,interface_settings.valve_2_pipe_2_wire_fan_ec,struct,,,,,,,,,,FALSE
控制阀,Valve,是,,,,installation_settings,安装设置,Installation Settings,,,"WT304,
WT304-BK,
WT304-ZH,
WT304-ZG",,,,,0x7c,,0,1,,,uint8,,,,,,"3：Q1
4：Q2
5：Q3","3：Q1
4：Q2
5：Q3",3,,,,"[0,5]",,,,,,,属性,读写,,,,,interface_settings.valve_2_pipe_2_wire_fan_ec.control,enum,,,,,,,,,,FALSE
EC风机,EC Fan,是,,,,installation_settings,安装设置,Installation Settings,,,"WT304,
WT304-BK,
WT304-ZH,
WT304-ZG",,,,,0x7c,,1,2,,,uint8,,,,,,"1：AO1
2：AO2","1：AO1
2：AO2",2,,,,"[1,2]",,,,,,,属性,读写,,,,,interface_settings.valve_2_pipe_2_wire_fan_ec.fan,enum,,,,,,,,,,FALSE
风机电源,Fan Power WIre,是,,,,installation_settings,安装设置,Installation Settings,,,"WT304,
WT304-BK,
WT304-ZH,
WT304-ZG",,,,,0x7c,,2,3,,,uint8,,,,,,"0：无
3：Q1
4：Q2
5：Q3","0：None
3：Q1
4：Q2
5：Q3",5,,,,"[0,5]",,,,,,,属性,读写,,,,,interface_settings.valve_2_pipe_2_wire_fan_ec.fan_power,enum,,,,,,,,,,FALSE
两管三线阀+EC风机,"Two-pipe, Three-wire Valve+EC Fan",是,,,,installation_settings,安装设置,Installation Settings,,,"WT304,
WT304-BK,
WT304-ZH,
WT304-ZG",,,,,0x7c,,0,4,,,struct,impl,interface_config：0x05,,,,,,,,,,,,,,,,,属性,读写,,,,,interface_settings.valve_2_pipe_3_wire_fan_ec,struct,,,,,,,,,,FALSE
NO,NO,是,,,,installation_settings,安装设置,Installation Settings,,,"WT304,
WT304-BK,
WT304-ZH,
WT304-ZG",,,,,0x7c,,0,1,,,uint8,,,,,,"3：Q1
4：Q2
5：Q3","3：Q1
4：Q2
5：Q3",3,,,,"[0,5]",,,,,,,属性,读写,,,,,interface_settings.valve_2_pipe_3_wire_fan_ec.no,enum,,,,,,,,,,FALSE
NC,NC,是,,,,installation_settings,安装设置,Installation Settings,,,"WT304,
WT304-BK,
WT304-ZH,
WT304-ZG",,,,,0x7c,,1,2,,,uint8,,,,,,"3：Q1
4：Q2
5：Q3","3：Q1
4：Q2
5：Q3",4,,,,"[0,5]",,,,,,,属性,读写,,,,,interface_settings.valve_2_pipe_3_wire_fan_ec.nc,enum,,,,,,,,,,FALSE
EC风机,EC Fan,是,,,,installation_settings,安装设置,Installation Settings,,,"WT304,
WT304-BK,
WT304-ZH,
WT304-ZG",,,,,0x7c,,2,3,,,uint8,,,,,,"1：AO1
2：AO2","1：AO1
2：AO2",2,,,,"[1,2]",,,,,,,属性,读写,,,,,interface_settings.valve_2_pipe_3_wire_fan_ec.fan,enum,,,,,,,,,,FALSE
风机电源,Fan Power WIre,是,,,,installation_settings,安装设置,Installation Settings,,,"WT304,
WT304-BK,
WT304-ZH,
WT304-ZG",,,,,0x7c,,3,4,,,uint8,,,,,,"0：无
3：Q1
4：Q2
5：Q3","0：None
3：Q1
4：Q2
5：Q3",5,,,,"[0,5]",,,,,,,属性,读写,,,,,interface_settings.valve_2_pipe_3_wire_fan_ec.fan_power,enum,,,,,,,,,,FALSE
接口类型配置,Interface Type Configuration,否,,,,interface_type_cfg,接口类型配置,Interface Type Configuration,,>=1.5,"WT303,
WT303-BK,
WT303-ZH,
WT303-ZG",,,,,0x9e,,0,1,,,uint8,,,,,,"0：四管两线阀+三速风机
1：两管两线阀+三速风机
2：两管三线阀+三速风机","0：Four-pipe, Two-wire Valve+Three-speeds Fan
1：Two-pipe, Two-wire Valve+Three-speeds Fan
2：Two-pipe, Three-wire Valve+Three-speeds Fan",1,,,,"[0,2]",,,,,,,属性,读写,,,,v1.1,interface_type_cfg,enum,,,,,,,,,,FALSE
接口类型配置,Interface Type Configuration,否,,,,interface_type_cfg,接口类型配置,Interface Type Configuration,,>=1.5,"WT304,
WT304-BK,
WT304-ZH,
WT304-ZG",,,,,0x9e,,0,1,,,uint8,,,,,,"0：四管0~10V阀+三速风机
1：两管0~10V阀+三速风机
2：两管0~10V阀+EC风机
3：四管两线阀+EC风机
4：两管两线阀+EC风机
5：两管三线阀+EC风机","0：Four-pipe, 0~10V Valve+Three-speeds Fan
1：Two-pipe, 0~10V Valve+Three-speeds Fan
2：Two-pipe, 0~10V Valve+EC Fan
3：Four-pipe,Two-wire Valve+EC Fan
4：Two-pipe, Two-wire Valve+EC Fan
5：Two-pipe, Three-wire Valve+EC Fan",1,,,,"[0,5]",,,,,,,属性,读写,,,,v1.1,interface_type_cfg,enum,,,,,,,,,,FALSE
阀门控制设置,Valve Control Settingd,是,,,,installation_settings,安装设置,Installation Settings,,,"WT304,
WT304-BK,
WT304-ZH,
WT304-ZG",,,,,0x7d,,0,0,,,struct,,,,,,,,,,,,,,,,,,,属性,读写,,,,,valve_control_settings,struct,,,,,,,,,,FALSE
控制内容,Control Content,否,,,,installation_settings,安装设置,Installation Settings,,,"WT304,
WT304-BK,
WT304-ZH,
WT304-ZG",,,,,0x7d,,0,1,,,uint8,type,valve_control_config,,,,,,0,,,,"[0,2]",,,,,,,属性,读写,,,,,valve_control_settings.type,enum,,,,,,,,,,FALSE
阀门控制周期,Valve Control Interval,是,,,,installation_settings,安装设置,Installation Settings,,,"WT304,
WT304-BK,
WT304-ZH,
WT304-ZG",,,,,0x7d,,0,1,,,uint8,impl,valve_control_config：0x02,,,,,,30,,1,60,,,,s,,,,属性,读写,,,,,valve_control_settings.control_interval,int,,,,,,,,,,FALSE
阀门控制调节范围,Valve Control Adjustment Range,是,,当温差达到执行温控的温差范围设定值的上限时，阀门全开。当温差在执行温控的温差范围设定值以内时，按相应比例调整阀门开度。,"When the temperature difference reaches the upper limit of the configured range, the valve opens fully. When the temperature difference is within the configured control range, the valve opening is adjusted proportionally based on the actual temperature difference within the control range.",installation_settings,安装设置,Installation Settings,,,"WT304,
WT304-BK,
WT304-ZH,
WT304-ZG",,,,,0x7d,,0,2,,,int16,impl,valve_control_config：0x00,,,,,,10,,1,15,"[100,1500]",2,0.01,℃,,,,属性,读写,,,,,valve_control_settings.control_adjustment_range,float,,,,,,,,,,FALSE
阀门开度范围,Valve Opening Range,是,,,,installation_settings.valve_opening_range,阀门开度范围,Valve Opening Range,,,"WT304,
WT304-BK,
WT304-ZH,
WT304-ZG",,,,,0x7d,,0,2,,,struct,impl,valve_control_config：0x01,,,,,,,,,,,,,,,,,属性,读写,,,,,valve_control_settings.opening_range,struct,,,,,,,,,,FALSE
下限值,Min Value,是,,,,installation_settings.valve_opening_range,阀门开度范围,Valve Opening Range,,,"WT304,
WT304-BK,
WT304-ZH,
WT304-ZG",,,,,0x7d,,0,1,,,uint8,,,,,,,,0,,0,100,,,,,,,,属性,读写,,,,,valve_control_settings.opening_range.min,int,,,,,,,,,,FALSE
上限值,Max Value,是,,,,installation_settings.valve_opening_range,阀门开度范围,Valve Opening Range,,,"WT304,
WT304-BK,
WT304-ZH,
WT304-ZG",,,,,0x7d,,1,2,,,uint8,,,,,,,,100,,0,100,,,,%,,,,属性,读写,,,,,valve_control_settings.opening_range.max,int,,,,,,,,,,FALSE
EC风速设置,EC Fan Speed Settings,是,,,,installation_settings.ec_fan_speed,EC风速设置,EC Fan Speed Settings,,,"WT304,
WT304-BK,
WT304-ZH,
WT304-ZG",,,,,0x7e,,0,0,,,struct,,,,,,,,,,,,,,,,,,,属性,读写,,,,,fan_ec_control_settings,struct,,,,,,,,,,FALSE
控制内容,Control Content,否,,,,installation_settings.ec_fan_speed,EC风速设置,EC Fan Speed Settings,,,"WT304,
WT304-BK,
WT304-ZH,
WT304-ZG",,,,,0x7e,,0,1,,,uint8,type,fan_control_config,,,,,,0,,,,"[0,2]",,,,,,,属性,读写,,,,,fan_ec_control_settings.type,enum,,,,,,,,,,FALSE
低速,Low Speed,是,,,,installation_settings.ec_fan_speed,EC风速设置,EC Fan Speed Settings,,,"WT304,
WT304-BK,
WT304-ZH,
WT304-ZG",,,,,0x7e,,0,1,,,uint8,impl,fan_control_config：0x00,,,,,,50,,1,100,"[1,100]",,,%,,,,属性,读写,,,,,fan_ec_control_settings.low_threshold,int,,,,,,,,,,FALSE
中速,Medium Speed,是,,,,installation_settings.ec_fan_speed,EC风速设置,EC Fan Speed Settings,,,"WT304,
WT304-BK,
WT304-ZH,
WT304-ZG",,,,,0x7e,,0,1,,,uint8,impl,fan_control_config：0x01,,,,,,80,,1,100,"[1,100]",,,%,,,,属性,读写,,,,,fan_ec_control_settings.mid_threshold,int,,,,,,,,,,FALSE
高速,High Speed,是,,,,installation_settings.ec_fan_speed,EC风速设置,EC Fan Speed Settings,,,"WT304,
WT304-BK,
WT304-ZH,
WT304-ZG",,,,,0x7e,,0,1,,,uint8,impl,fan_control_config：0x02,,,,,,100,,1,100,"[1,100]",,,%,,,,属性,读写,,,,,fan_ec_control_settings.high_threshold,int,,,,,,,,,,FALSE
风扇停止设置,Fan Stop Settings,是,,"风扇模式为自动时，有效；
禁用：温控停止时，风扇保持低风速；
启用：温控停止时，风扇停止工作；","When the fan mode is Auto, it is effective;
Disable: When the temperature control is stopped, the fan speed remains low.
Enable: When the temperature control is stopped, the fan stops.",installation_settings,安装设置,Installation Settings,,,,,,,,0x8e,,0,1,,,uint8,,,,,,"0：禁用
1：启用","0：disable
1：enable",1,,,,"[0,1]",,,,,,,属性,读写,,,,,fan_stop_enable,bool,,,,,,,,,,TRUE
阀门输出0%设置,Valve output 0% setting,是,,"启用：温控停止时，阀门输出0%；
禁用：温控停止时，阀门保持最小限制输出；","Enabled: When temperature control stops, the valve outputs 0%.
Disabled: When temperature control stops, the valve maintains the minimum limit output.",installation_settings,安装设置,Installation Settings,,,"WT304,
WT304-BK,
WT304-ZH,
WT304-ZG",,,,,0x8f,,0,1,,,uint8,,,,,,"0：禁用
1：启用","0：disable
1：enable",1,,,,"[0,1]",,,,,,,属性,读写,,,,,valve_output_0v_enable,bool,,,,,,,,,,FALSE
DI使能,DI Enable,是,,已经根据现有常见门磁传感器和房卡系统默认设置控制效果，可以根据您的门磁传感器和房卡系统 设置相反效果,Default control effect aligns with common magnetic contact switch and room card systems; adjust to reverse the effect if needed for your setup.,installation_settings.di_interface,DI接口,DI Interface,,,,,,,,0x80,,0,1,,,uint8,,,,,,"0：禁用
1：启用","0：disable
1：enable",0,,,,"[0,1]",,,,,,,属性,读写,,,,,di_enable,bool,,,,,,,,,,TRUE
DI设置,DI Settings,是,,,,installation_settings.di_interface,DI接口,DI Interface,,,,,,,,0x81,,0,0,,,struct,,,,,,,,,,,,,,,,,,,属性,读写,,,,,di_settings,struct,,,,,,,,,,TRUE
DI 接口,DI Interface,是,,,,installation_settings.di_interface,DI接口,DI Interface,,,,,,,,0x81,,0,1,,,uint8,type(one_of),di_config,,,,,,0,,,,"[0,1]",,,,,,,属性,读写,,,,,di_settings.object,enum,,,,,,,,,,TRUE
房卡,Room Card,是,,,,installation_settings.di_interface.room_card_control_settings,房卡设置,Room Card Control Settings,,,,,,,,0x81,,0,0,,,struct,impl,di_config：0x00,,,,,,,,,,,,,,,,,属性,读写,,,,,di_settings.card_control,struct,,,,,,,,,,TRUE
控制内容,Control Object,是,,,,installation_settings.di_interface.room_card_control_settings,房卡设置,Room Card Control Settings,,,,,,,,0x81,,0,1,,,uint8,type(one_of),di_card_config,,,,,,0,,,,"[0,1]",,,,,,,属性,读写,,,,,di_settings.card_control.type,enum,,,,,,,,,,TRUE
系统控制,System Control,是,,,,installation_settings.di_interface.room_card_control_settings.control_object,控制内容,Control Status,,,,,,,,0x81,,0,1,,,struct,impl,di_card_config：0x00,,,,,,,,,,,,,,,,,属性,读写,,,,,di_settings.card_control.system_control,struct,,,,,,,,,,TRUE
插卡,Insert Card,是,,,,installation_settings.di_interface.room_card_control_settings.control_object,控制内容,Control Status,,,,,,,,0x81,,0,1,,,uint8,,,,,,"0：系统关
1：系统开","0：system off
1：system on",1,,,,"[0,1]",,,,,,,属性,读写,,,,,di_settings.card_control.system_control.trigger_by_insertion,enum,,,,,,,,,,TRUE
插入计划,Insert Schedule,是,,,,installation_settings.di_interface.room_card_control_settings.control_object,控制内容,Control Status,,,,,,,,0x81,,0,2,,,struct,impl,di_card_config：0x01,,,,,,,,,,,,,,,,,属性,读写,,,,,di_settings.card_control.insertion_plan,struct,,,,,,,,,,TRUE
插卡,Insert Card,是,,,,installation_settings.di_interface.room_card_control_settings.control_object,控制内容,Control Status,,,,,,,,0x81,,0,1,,,uint8,,,,,,"0：计划1
1：计划2
2：计划3
3：计划4
4：计划5
5：计划6
6：计划7
7：计划8
255：无动作","0：Schedule1
1：Schedule2
2：Schedule3
3：Schedule4
4：Schedule5
5：Schedule6
6：Schedule7
7：Schedule8
255：None",0,,,,"[0,255]",,,,,,,属性,读写,,,,,di_settings.card_control.insertion_plan.trigger_by_insertion,enum,,,,,,,,,,TRUE
拔卡,Remove Card,是,,,,installation_settings.di_interface.room_card_control_settings.control_object,控制内容,Control Status,,,,,,,,0x81,,1,2,,,uint8,,,,,,"0：计划1
1：计划2
2：计划3
3：计划4
4：计划5
5：计划6
6：计划7
7：计划8
255：无动作","0：Schedule1
1：Schedule2
2：Schedule3
3：Schedule4
4：Schedule5
5：Schedule6
6：Schedule7
7：Schedule8
255：None",1,,,,"[0,255]",,,,,,,属性,读写,,,,,di_settings.card_control.insertion_plan.trigger_by_extraction,enum,,,,,,,,,,TRUE
门磁传感器,Magnetic Contact Switch,是,,,,installation_settings.di_interface.room_card_control_settings.control_object,控制内容,Control Status,,,,,,,,0x81,,0,1,,,struct,impl,di_config：0x01,,,,,,,,,,,,,,,,,属性,读写,,,,,di_settings.magnet_detection,struct,,,,,,,,,,TRUE
传感器类型,Sensor Type,是,,"常开型：电路导通时，为开门/开窗
常闭型：电路断开时，为开门/开窗","Normally Open: Conduct circuit, open door/window.
Normally Closed: Disconnect circuit, open door/window.",installation_settings.di_interface.room_card_control_settings.control_object,控制内容,Control Status,,,,,,,,0x81,,0,1,,,uint8,,,,,,"0：常闭型
1：常开型","0：NO
1：NC",0,,,,"[0,1]",,,,,,,属性,读写,,,,,di_settings.magnet_detection.magnet_type,enum,,,,,,,,,,TRUE
开窗检测,Open Window Detection,是,,,,installation_settings.open_window_detection,开窗检测,Open Window Detection,,,,,,,,0x82,,0,1,,,uint8,,,,,,"0：禁用
1：启用","0：disable
1：enable",0,,,,"[0,1]",,,,,,,属性,读写,,,,,window_opening_detection_enable,bool,,,,,,,,,,TRUE
开窗检测,Open Window Detection,是,,,,installation_settings.open_window_detection,开窗检测,Open Window Detection,,,,,,,,0x83,,0,0,,,struct,,,,,,,,,,,,,,,,,,,属性,读写,,,,,window_opening_detection_settings,struct,,,,,,,,,,TRUE
检测方式,Detection Method,是,,当检测方式为门磁检测时，需要确保 DI接口配置为门磁传感器,"When the detection method is magnetic detection, it is necessary to ensure that the DI interface is configured as a magnetic contact switch.",installation_settings.open_window_detection,开窗检测,Open Window Detection,,,,,,,,0x83,,0,1,,,uint8,type(one_of),window_detection,,,,,,0,,,,"[0,1]",,,,,,,属性,读写,,,,,window_opening_detection_settings.type,enum,,,,,,,,,,TRUE
温度检测,Temperature Detection,是,,,,installation_settings.open_window_detection,温度检测,Temperature Detection,,,,,,,,0x83,,0,3,,,struct,impl,window_detection：0x00,,,,,,,,,,,,,,,,,属性,读写,,,,,window_opening_detection_settings.temperature_detection,struct,,,,,,,,,,TRUE
温度变化,Temperature Change,是,,此功能可能会受室外温度、设备离出风口位置和出风口在房间内的位置等因素影响，请根据实际情况，合理设置温度变化值,"This feature may be affected by outdoor temperature, the device's distance from the air outlet, and the outlet's position in the room. Set the temperature variation threshold reasonably based on actual conditions.",installation_settings.open_window_detection.temp_detection,温度检测,Temperature Detection,,,,,,,,0x83,,0,2,,,int16,,,,,,,,3,,1,10,"[100,1000]",2,0.01,℃,,,,属性,读写,,,,,window_opening_detection_settings.temperature_detection.difference_in_temperature,float,,,,,,,,,,TRUE
停止调温时间,Stop Temperature Control For,是,,,,installation_settings.open_window_detection.temp_detection,温度检测,Temperature Detection,,,,,,,,0x83,,2,3,,,uint8,,,,,,,,30,,1,60,"[1,60]",,,min,,,,属性,读写,,,,,window_opening_detection_settings.temperature_detection.stop_time,int,,,,,,,,,,TRUE
门磁检测,Magnetic Detection,是,,,,installation_settings.open_window_detection.dm_detection,门磁检测,Magnetic Contact Switch Detection,,,,,,,,0x83,,0,1,,,struct,impl,window_detection：0x01,,,,,,,,,,,,,,,,,属性,读写,,,,,window_opening_detection_settings.magnet_detection,struct,,,,,,,,,,TRUE
持续时间,Duration,是,,,,installation_settings.open_window_detection.dm_detection,门磁检测,Magnetic Contact Switch Detection,,,,,,,,0x83,,0,1,,,uint8,,,,,,,,10,,1,60,"[1,60]",,,min,,,,属性,读写,,,,,window_opening_detection_settings.magnet_detection.duration,int,,,,,,,,,,TRUE
防冻保护,Freeze Protection,是,,,,installation_settings.freeze_protection,防冻保护,Freeze Protection,,,,,,,,0x84,,0,3,,,struct,,,,,,,,,,,,,,,,,,,属性,读写,,,,,freeze_protection_settings,struct,,,,,,,,,,TRUE
防冻保护,Freeze Protection,是,,,,installation_settings.freeze_protection,防冻保护,Freeze Protection,,,,,,,,0x84,,0,1,,,uint8,,,,,,"0：禁用
1：启用","0：disable
1：enable",1,,,,"[0,1]",,,,,,,属性,读写,,,,,freeze_protection_settings.enable,bool,,,,,,,,,,TRUE
保护温度,Protection Temperature,是,,,,installation_settings.freeze_protection,防冻保护,Freeze Protection,,,,,,,,0x84,,1,3,,,int16,,,,,,,,3,,1,5,"[100,500]",2,0.01,℃,,,,属性,读写,,,,,freeze_protection_settings.target_temperature,float,,,,,,,,,,TRUE
防冻保护配置,Freeze Protection Configuration,否,,,,freeze_protection_cfg,防冻保护配置,Freeze Protection Configuration,,>=1.5,,,,,,0x98,,0,0,,,struct,,,,,,,,,,,,,,,,,,,属性,读写,,,,v1.1,freeze_protection_cfg,struct,,,,,,,,,,TRUE
子命令,Sub-command,否,,,,freeze_protection_cfg,防冻保护配置,Freeze Protection Configuration,,>=1.5,,,,,,0x98,,0,1,,,uint8,type,freeze_protection_cfg,,,,,,0,,,,,,,,,,,属性,读写,,,,v1.1,freeze_protection_cfg.cmd,enum,,,,,,,,,,TRUE
防冻保护使能,Freeze Protection Enable,否,,,,freeze_protection_cfg,防冻保护配置,Freeze Protection Configuration,,>=1.5,,,,,,0x98,,0,1,,,uint8,impl,freeze_protection_cfg：0x00,,,,"0：禁用
1：启用","0：disable
1：enable",1,,,,"[0,1]",,,,,,,属性,读写,,,,v1.1,freeze_protection_cfg.enable,bool,,,,,,,,,,TRUE
防冻保护目标温度,Freeze Protection Target Temperature,否,,,,freeze_protection_cfg,防冻保护配置,Freeze Protection Configuration,,>=1.5,,,,,,0x98,,0,2,,,int16,impl,freeze_protection_cfg：0x01,,,,,,3,,1,5,"[100,500]",2,0.01,℃,,,,属性,读写,,,,v1.1,freeze_protection_cfg.target_temperature,float,,,,,,,,,,TRUE
D2D配对启用,D2D Pairing Enable,是,,,,d2d_settings,D2D设置,D2D Settings,,,,,,,,0x86,,0,1,,,uint8,,,,,,"0：禁用
1：启用","0：disable
1：enable",0,,,,"[0,1]",,,,,,,属性,读写,,,,,d2d_pairing_enable,bool,,,,,,,,,,TRUE
D2D配对信息,D2D Pairing Information,是,,,,d2d_settings,D2D设置,D2D Settings,,,,,,,,0x87,,0,0,,,array,separate,,,,struct,,,,,,,,,,,,,,属性,读写,,,,,d2d_pairing_settings,array,,,5,,,,,,,TRUE
D2D配对信息,D2D Pairing Information,是,,,,d2d_settings,D2D设置,D2D Settings,,,,,,,,0x87,,0,0,,,struct,,,,,,,,,,,,,,,,,,,属性,读写,,,,,d2d_pairing_settings._item,struct,,,,,,,,,,TRUE
序号,ID,否,,,,d2d_settings,D2D设置,D2D Settings,,,,,,,,0x87,,0,1,,,uint8,index,,,,,,,0,,0,4,"[0,4]",,,,,,,属性,读写,,,,,d2d_pairing_settings._item.index,int,,,,,,,,,,TRUE
类型,Type,否,,,,d2d_settings,D2D设置,D2D Settings,,,,,,,,0x87,,1,2,,,uint8,type,d2d_pairing,,,,,,0,,,,"[0,2]",,,,,,,属性,读写,,,,,d2d_pairing_settings._item.type,enum,,,,,,,,,,TRUE
使能,Enable,是,,,,d2d_settings,D2D设置,D2D Settings,,,,,,,,0x87,,0,1,,,uint8,impl,d2d_pairing：0x00,,,,"0：禁用
1：启用","0：disable
1：enable",0,,,,"[0,1]",,,,,,,属性,读写,,,,,d2d_pairing_settings._item.enable,bool,,,,,,,,,,TRUE
设备EUI,Device EUI,是,,,,d2d_settings,D2D设置,D2D Settings,,,,,,,,0x87,,0,8,,,string,impl,d2d_pairing：0x01,,,,,,,,,,,,,,,16,hex,属性,读写,,,,,d2d_pairing_settings._item.deveui,string,16,16,,,,,否,,,TRUE
设备名称前8B,Device Name (prefix8),是,,,,d2d_settings,D2D设置,D2D Settings,,,,,,,,0x87,,0,8,,,string,impl,d2d_pairing：0x02,,,,,,,,,,,,,,,8,ascii,属性,读写,,,,,d2d_pairing_settings._item.name_first,string,,8,,,,,否,,,TRUE
设备名称后8B,Device Name (suffix8),是,,,,d2d_settings,D2D设置,D2D Settings,,,,,,,,0x87,,0,8,,,string,impl,d2d_pairing：0x03,,,,,,,,,,,,,,,8,ascii,属性,读写,,,,,d2d_pairing_settings._item.name_last,string,,8,,,,,否,,,TRUE
D2D主控使能,D2D Controller Enable,是,,,,d2d_settings.controller_settings,D2D主控设置,D2D Controller Settings,,,,,,,,0x88,,0,1,,,uint8,,,,,,"0：禁用
1：启用","0：disable
1：enable",0,,,,"[0,1]",,,,,,,属性,读写,,,,,d2d_master_enable,bool,,,,,,,,,,TRUE
D2D主控,D2D Master Control,是,,,,d2d_settings.controller_settings,D2D主控设置,D2D Controller Settings,,,,,,,,0x89,,0,0,,,array,separate,,,,struct,,,,"[{""trigger_condition"":""0"",""enable"":false,""uplink"":false,""command"":""0000"",""control_time_enable"":false,""control_time"":5},{""trigger_condition"":""1"",""enable"":false,""uplink"":false,""command"":""0001"",""control_time_enable"":false,""control_time"":5},{""trigger_condition"":""2"",""enable"":false,""uplink"":false,""command"":""0002"",""control_time_enable"":false,""control_time"":5},{""trigger_condition"":""3"",""enable"":false,""uplink"":false,""command"":""0003"",""control_time_enable"":false,""control_time"":5},{""trigger_condition"":""4"",""enable"":false,""uplink"":false,""command"":""0004"",""control_time_enable"":false,""control_time"":5},{""trigger_condition"":""5"",""enable"":false,""uplink"":false,""command"":""0005"",""control_time_enable"":false,""control_time"":5},{""trigger_condition"":""6"",""enable"":false,""uplink"":false,""command"":""0006"",""control_time_enable"":false,""control_time"":5},{""trigger_condition"":""7"",""enable"":false,""uplink"":false,""command"":""0007"",""control_time_enable"":false,""control_time"":5},{""trigger_condition"":""16"",""enable"":false,""uplink"":false,""command"":""0010"",""control_time_enable"":false,""control_time"":5},{""trigger_condition"":""17"",""enable"":false,""uplink"":false,""command"":""0011"",""control_time_enable"":false,""control_time"":5}]",,,,,,,,,,属性,读写,,,,,d2d_master_settings,array,,,10,,,,,,,TRUE
D2D主控,D2D Master Control,是,,,,d2d_settings.controller_settings,D2D主控设置,D2D Controller Settings,,,,,,,,0x89,,0,8,,,struct,,,,,,,,,,,,,,,,,,,属性,读写,,,,,d2d_master_settings._item,struct,,,,,,,,,,TRUE
触发方式,Trigger Mode,是,,,,d2d_settings.controller_settings,D2D主控设置,D2D Controller Settings,,,,,,,,0x89,,0,1,,,uint8,index,,,,,"0：计划1
1：计划2
2：计划3
3：计划4
4：计划5
5：计划6
6：计划7
7：计划8
16：系统关
17：系统开","0: Schedule1
1: Schedule2
2: Schedule3
3: Schedule4
4: Schedule5
5: Schedule6
6: Schedule7
7: Schedule8
16：System Off
17：System On",0,,,,"[0,17]",,,,,,,属性,读写,,,,,d2d_master_settings._item.trigger_condition,enum,,,,,,,,,,TRUE
使能,Enable,是,,,,d2d_settings.controller_settings,D2D主控设置,D2D Controller Settings,,,,,,,,0x89,,1,2,,,uint8,,,,,,"0：禁用
1：启用","0：disable
1：enable",0,,,,"[0,1]",,,,,,,属性,读写,,,,,d2d_master_settings._item.enable,bool,,,,,,,,,,TRUE
控制命令,Control Command,是,,,,d2d_settings.controller_settings,D2D主控设置,D2D Controller Settings,,,,,,,,0x89,,2,4,,,string,,,,,,,,0000,,,,,,,,小端,2,hex,属性,读写,,,,,d2d_master_settings._item.command,string,4,4,,,,,,,,TRUE
LoRa上行,LoRa Uplink,是,,,,d2d_settings.controller_settings,D2D主控设置,D2D Controller Settings,,,,,,,,0x89,,4,5,,,uint8,,,,,,"0：禁用
1：启用","0：disable
1：enable",0,,,,"[0,1]",,,,,,,属性,读写,,,,,d2d_master_settings._item.uplink,bool,,,,,,,,,,TRUE
启用控制时间,Enable Control Time,否,,,,d2d_settings.controller_settings,D2D主控设置,D2D Controller Settings,,,,,,,,0x89,,5,6,,,uint8,,,0,,,"0：禁用
1：启用","0：disable
1：enable",0,,,,"[0,1]",,,,,,,属性,读写,,,,,d2d_master_settings._item.control_time_enable,bool,,,,,,,,,,TRUE
控制时间,Control Time,否,,,,d2d_settings.controller_settings,D2D主控设置,D2D Controller Settings,,,,,,,,0x89,,6,8,,,uint16,,,5,,,,,5,,1,1440,,,,min,,,,属性,读写,,,,,d2d_master_settings._item.control_time,int,,,,,,,,,,TRUE
D2D被控使能,D2D Agent Enable,是,,,,d2d_settings.agent_settings,D2D被控设置,D2D Agent Settings,,,,,,,,0x8a,,0,1,,,uint8,,,,,,"0：禁用
1：启用","0：disable
1：enable",0,,,,"[0,1]",,,,,,,属性,读写,,,,,d2d_slave_enable,bool,,,,,,,,,,TRUE
D2D被控,D2D Controlled,是,,,,d2d_settings.agent_settings,D2D被控设置,D2D Agent Settings,,,,,,,,0x8b,,0,0,,,array,separate,,,,struct,,,,,,,,,,,,,,属性,读写,,,,,d2d_slave_settings,array,,,16,,,,,,,TRUE
D2D被控,D2D Controlled,是,,,,d2d_settings.agent_settings,D2D被控设置,D2D Agent Settings,,,,,,,,0x8b,,0,0,,,struct,,,,,,,,,,,,,,,,,,,属性,读写,,,,,d2d_slave_settings._item,struct,,,,,,,,,,TRUE
D2D被控序号,D2D Controlled ID,否,,,,d2d_settings.agent_settings,D2D被控设置,D2D Agent Settings,,,,,,,,0x8b,,0,1,,,uint8,index,,,,,,,0,,0,15,,,,,,,,属性,读写,,,,,d2d_slave_settings._item.index,int,,,,,,,,,,TRUE
使能,Enable,是,,,,d2d_settings.agent_settings,D2D被控设置,D2D Agent Settings,,,,,,,,0x8b,,1,2,,,uint8,,,,,,"0：禁用
1：启用","0：disable
1：enable",0,,,,"[0,1]",,,,,,,属性,读写,,,,,d2d_slave_settings._item.enable,bool,,,,,,,,,,TRUE
控制命令,Control Command,是,,,,d2d_settings.agent_settings,D2D被控设置,D2D Agent Settings,,,,,,,,0x8b,,2,4,,,string,,,,,,,,0000,,,,,,,,小端,2,hex,属性,读写,,,,,d2d_slave_settings._item.command,string,4,4,,,,,,,,TRUE
被控状态,Action Status,是,,,,d2d_settings.agent_settings,D2D被控设置,D2D Agent Settings,,,,,,,,0x8b,,4,5,,,uint8,,,,,,"0：计划1
1：计划2
2：计划3
3：计划4
4：计划5
5：计划6
6：计划7
7：计划8
16：系统关
17：系统开","0：Schedule1
1：Schedule2
2：Schedule3
3：Schedule4
4：Schedule5
5：Schedule6
6：Schedule7
7：Schedule8
16：System Off
17：System On",16,,,,"[0,17]",,,,,,,属性,读写,,,,,d2d_slave_settings._item.value,enum,,,,,,,,,,TRUE
屏幕显示预配置,Preconfigured on The Screen,否,,,,preconfigured,预配置,Preconfigured ,,,,,,,,0x91,,0,0,,,array,separate,,,,struct,,,,,,,,,,,,,,属性,只写,,,,,screen_content_settings,array,,,25,,,,,,1,TRUE
屏幕显示预配置,Preconfigured on The Screen,否,,,,preconfigured.screen,屏幕显示预配置,Preconfigured on The Screen,,,,,,,,0x91,,0,0,,,struct,,,,,,,,,,,,,,,,,,,属性,只写,,,,,screen_content_settings._item,struct,,,,,,,,,1,TRUE
预配置对象,Preconfigured Objects,否,,此命令仅支持中文计划名称预配置,This command only supports Chinese schedule name preconfiguration,preconfigured.screen,屏幕显示预配置,Preconfigured on The Screen,,,,,,,,0x91,,0,1,,,uint8,index,,,,,"0：重启
1：重置
2：过温保护
3：通风图标
4：通风文字
5：制热图标
6：制热文字
7：制冷图标
8：制冷文字
9：风扇自动图标
10：风扇自动文字
11：风扇低速图标
12：风扇低速文字
13：风扇中速图标
14：风扇中速文字
15：风扇高速图标
16：风扇高速文字
17：温度设定
18：计划图标
19：计划1名称
20：计划2名称
21：计划3名称
22：计划4名称
23：计划5名称
24：计划6名称
25：计划7名称
26：计划8名称
27：计划9名称
28：计划10名称
29：计划11名称
30：计划12名称
31：计划13名称
32：计划14名称
33：计划15名称
34：计划16名称","0: Reboot
1: Reset
2: Overtemperature Protection
3: Ventilation Icon
4: Ventilation Text
5: Heat Icon
6: Heat Text
7: Cool Icon
8: Cool Text
9: Auto Fan Icon
10: Auto Fan Text
11: Low Fan Speed Icon
12: Low Fan Speed Text
13: Medium Fan Speed Icon
14: Medium Fan Speed Text
15: High Fan Speed Icon
16: High Fan Speed Text
17: Temperature Set
18: Schedule Icon
19: Schedule 1 Name
20: Schedule 2 Name
21: Schedule 3 Name
22: Schedule 4 Name
23: Schedule 5 Name
24: Schedule 6 Name
25: Schedule 7 Name
26: Schedule 8 Name
27: Schedule 9 Name
28: Schedule 10 Name
29: Schedule 11 Name
30: Schedule 12 Name
31: Schedule 13 Name
32: Schedule 14 Name
33: Schedule 15 Name
34: Schedule 16 Name",0,,,,"[0,34]",,,,,,,属性,只写,,,,,screen_content_settings._item.object,enum,,,,,,,,,1,TRUE
图片长度,Image Length,否,,,,preconfigured.screen,屏幕显示预配置,Preconfigured on The Screen,,,,,,,,0x91,,1,3,,,uint16,length,,,,,,,0,,0,65535,"[0,65535]",,,,,,,属性,只写,,,,,screen_content_settings._item.length,int,,,,,,,,,1,TRUE
内容,Content,否,,,,preconfigured.screen,屏幕显示预配置,Preconfigured on The Screen,,,,,,,,0x91,,0,0,,,string,,,,,,,,0,,,,,,,,,65535,hex,属性,只写,,,,,screen_content_settings._item.data,string,0,65535,,,,,,,1,TRUE
占用检测配置,Occupied Detection Configuration,是,,,,occupied_detection_cfg,占用检测配置,Occupied Detection Configuration,,>=1.5,WT303-FLAT-FL,,,,,0x94,,0,0,,,struct,,,,,,,,,,,,,,,,,,,属性,读写,,,,v1.1,occupied_detection_cfg,struct,,,,,,,,,,TRUE
子命令,Sub-command,否,,,,occupied_detection_cfg,占用检测配置,Occupied Detection Configuration,,>=1.5,WT303-FLAT-FL,,,,,0x94,,0,1,,,uint8,type,occupied_detection_cfg,,,,,,0,,,,,,,,,,,属性,读写,,,,v1.1,occupied_detection_cfg.cmd,enum,,,,,,,,,,TRUE
占用检测使能,Occupied Detection Enable,是,,,,occupied_detection_cfg,占用检测配置,Occupied Detection Configuration,,>=1.5,WT303-FLAT-FL,,,,,0x94,,0,1,,,uint8,impl,occupied_detection_cfg：0x00,,,,"0：禁用
1：启用","0：disable
1：enable",1,,,,"[0,1]",,,,,,,属性,读写,,,,v1.1,occupied_detection_cfg.enable,bool,,,,,,,,,,TRUE
占用检测条件使能,Occupied Condition Detection Enable,是,,,,occupied_detection_cfg,占用检测配置,Occupied Detection Configuration,,>=1.5,WT303-FLAT-FL,,,,,0x94,,0,1,,,uint8,impl,occupied_detection_cfg：0x01,,,,"0：禁用
1：启用","0：disable
1：enable",0,,,,"[0,1]",,,,,,,属性,读写,,,,v1.1,occupied_detection_cfg.condition_enable,bool,,,,,,,,,,TRUE
占用条件检测触发周期,Occupied Condition Detection Trigger Period,是,,,,occupied_detection_cfg,占用检测配置,Occupied Detection Configuration,,>=1.5,WT303-FLAT-FL,,,,,0x94,,0,2,,,uint16,impl,occupied_detection_cfg：0x02,,,,,,5,,1,360,"[1,360]",,,min,,,,属性,读写,,,,v1.1,occupied_detection_cfg.condition_trigger_period,int,,,,,,,,,,TRUE
占用条件检测周期内触发频次占比,Occupied Condition Detection Trigger Rate,是,,,,occupied_detection_cfg,占用检测配置,Occupied Detection Configuration,,>=1.5,WT303-FLAT-FL,,,,,0x94,,0,1,,,uint8,impl,occupied_detection_cfg：0x03,,,,,,50,,1,100,"[1,100]",,,%,,,,属性,读写,,,,v1.1,occupied_detection_cfg.condition_trigger_rate,int,,,,,,,,,,TRUE
夜间占用检测使能,Night Occupied Detection Enable,是,,,,occupied_detection_cfg,占用检测配置,Occupied Detection Configuration,,>=1.5,WT303-FLAT-FL,,,,,0x94,,0,1,,,uint8,impl,occupied_detection_cfg：0x04,,,,"0：禁用
1：启用","0：disable
1：enable",1,,,,"[0,1]",,,,,,,属性,读写,,,,v1.1,occupied_detection_cfg.night_enable,bool,,,,,,,,,,TRUE
夜间占用检测条件使能,Night Occupied Condition  Detection Enable,是,,,,occupied_detection_cfg,占用检测配置,Occupied Detection Configuration,,>=1.5,WT303-FLAT-FL,,,,,0x94,,0,1,,,uint8,impl,occupied_detection_cfg：0x05,,,,"0：禁用
1：启用","0：disable
1：enable",1,,,,"[0,1]",,,,,,,属性,读写,,,,v1.1,occupied_detection_cfg.night_condition_enable,bool,,,,,,,,,,TRUE
夜间占用条件检测触发周期,Night Occupied Condition  Detection Trigger Period,是,,,,occupied_detection_cfg,占用检测配置,Occupied Detection Configuration,,>=1.5,WT303-FLAT-FL,,,,,0x94,,0,2,,,uint16,impl,occupied_detection_cfg：0x06,,,,,,5,,1,360,"[1,360]",,,min,,,,属性,读写,,,,v1.1,occupied_detection_cfg.night_condition_trigger_period,int,,,,,,,,,,TRUE
夜间占用条件检测触发频次占比,Night Occupied Condition  Detection Trigger Rate,是,,,,occupied_detection_cfg,占用检测配置,Occupied Detection Configuration,,>=1.5,WT303-FLAT-FL,,,,,0x94,,0,1,,,uint8,impl,occupied_detection_cfg：0x07,,,,,,50,,1,100,"[1,100]",,,%,,,,属性,读写,,,,v1.1,occupied_detection_cfg.night_condition_trigger_rate,int,,,,,,,,,,TRUE
夜间开始时间,Night Start Time,是,,,,occupied_detection_cfg,占用检测配置,Occupied Detection Configuration,,>=1.5,WT303-FLAT-FL,,,,,0x94,,0,2,,,uint16,impl,occupied_detection_cfg：0x08,,,,,,1260,,0,1439,"[0,1439]",,,min,,,,属性,读写,,,,v1.1,occupied_detection_cfg.night_start_time,int,,,,,,,,,,TRUE
夜间结束时间,Night Stop Time,是,,,,occupied_detection_cfg,占用检测配置,Occupied Detection Configuration,,>=1.5,WT303-FLAT-FL,,,,,0x94,,0,2,,,uint16,impl,occupied_detection_cfg：0x09,,,,,,480,,0,1439,"[0,1439]",,,min,,,,属性,读写,,,,v1.1,occupied_detection_cfg.night_stop_time,int,,,,,,,,,,TRUE
空闲超时时间,Vacant Time,是,,,,occupied_detection_cfg,占用检测配置,Occupied Detection Configuration,,>=1.5,WT303-FLAT-FL,,,,,0x94,,0,2,,,uint16,impl,occupied_detection_cfg：0x0A,,,,,,30,,1,360,"[1,360]",,,min,,,,属性,读写,,,,v1.1,occupied_detection_cfg.vacant_time,int,,,,,,,,,,TRUE
节能配置,Energy Saving Configuration,是,,,,energy_saving_cfg,节能配置,Energy Saving Configuration,,>=1.5,WT303-FLAT-FL,,,,,0x95,,0,0,,,struct,,,,,,,,,,,,,,,,,,,属性,读写,,,,v1.1,energy_saving_cfg,struct,,,,,,,,,,TRUE
子命令,Sub-command,否,,,,energy_saving_cfg,节能配置,Energy Saving Configuration,,>=1.5,WT303-FLAT-FL,,,,,0x95,,0,1,,,uint8,type,energy_saving_cfg,,,,,,0,,,,,,,,,,,属性,读写,,,,v1.1,energy_saving_cfg.cmd,enum,,,,,,,,,,TRUE
节能使能,Energy Saving Enable,是,,,,energy_saving_cfg,节能配置,Energy Saving Configuration,,>=1.5,WT303-FLAT-FL,,,,,0x95,,0,1,,,uint8,impl,energy_saving_cfg：0x00,,,,"0：禁用
1：启用","0：disable
1：enable",0,,,,"[0,1]",,,,,,,属性,读写,,,,v1.1,energy_saving_cfg.enable,bool,,,,,,,,,,TRUE
占用状态执行计划,Occupied Exec Plan,是,,,,energy_saving_cfg,节能配置,Energy Saving Configuration,,>=1.5,WT303-FLAT-FL,,,,,0x95,,0,1,,,uint8,impl,energy_saving_cfg：0x01,,,,"0：计划1
1：计划2
2：计划3
255：无动作","0：Schedule1
1：Schedule2
2：Schedule3
255：None",0,,,,"[0,255]",,,,,,,属性,读写,,,,v1.1,energy_saving_cfg.occupied_execution,enum,,,,,,,,,,TRUE
空闲状态执行计划,Unoccupied Exec Plan,是,,,,energy_saving_cfg,节能配置,Energy Saving Configuration,,>=1.5,WT303-FLAT-FL,,,,,0x95,,0,1,,,uint8,impl,energy_saving_cfg：0x02,,,,"0：计划1
1：计划2
2：计划3
255：无动作","0：Schedule1
1：Schedule2
2：Schedule3
255：None",1,,,,"[0,255]",,,,,,,属性,读写,,,,v1.1,energy_saving_cfg.vacant_execution,enum,,,,,,,,,,TRUE
夜间占用状态执行计划,Night Exec Plan,是,,,,energy_saving_cfg,节能配置,Energy Saving Configuration,,>=1.5,WT303-FLAT-FL,,,,,0x95,,0,1,,,uint8,impl,energy_saving_cfg：0x03,,,,"0：计划1
1：计划2
2：计划3
255：无动作","0：Schedule1
1：Schedule2
2：Schedule3
255：None",2,,,,"[0,255]",,,,,,,属性,读写,,,,v1.1,energy_saving_cfg.night_execution,enum,,,,,,,,,,TRUE
一级节能使能,Energy Saving Level1 Enable,是,,,,energy_saving_cfg,节能配置,Energy Saving Configuration,,>=1.5,WT303-FLAT-FL,,,,,0x95,,0,1,,,uint8,impl,energy_saving_cfg：0x04,,,,"0：计划1
1：计划2
2：计划3
255：无动作","0：disable
1：enable",0,,,,"[0,1]",,,,,,,属性,读写,,,,v1.1,energy_saving_cfg.level_1_energy_saving_enabled,bool,,,,,,,,,,TRUE
一级节能空闲时间,Energy Saving Level1 Vacant Time,是,,,,energy_saving_cfg,节能配置,Energy Saving Configuration,,>=1.5,WT303-FLAT-FL,,,,,0x95,,0,2,,,uint16,impl,energy_saving_cfg：0x05,,,,,,480,,1,1440,"[1, 1440]",,,min,,,,属性,读写,,,,v1.1,energy_saving_cfg.level_1_energy_saving_vacant_time,int,,,,,,,,,,TRUE
一级节能目标温度允差,Energy Saving Level1 Target Temp Tolerance,是,,,,energy_saving_cfg,节能配置,Energy Saving Configuration,,>=1.5,WT303-FLAT-FL,,,,,0x95,,0,2,,,uint16,impl,energy_saving_cfg：0x06,,,,,,2,,0.1,5,"[10,500]",2,0.01,℃,,,,属性,读写,,,,v1.1,energy_saving_cfg.level_1_energy_saving_temperature_tolerance,int,,,,,,,,,,TRUE
二级节能使能,Energy Saving Level2 Enable,是,,,,energy_saving_cfg,节能配置,Energy Saving Configuration,,>=1.5,WT303-FLAT-FL,,,,,0x95,,0,1,,,uint8,impl,energy_saving_cfg：0x07,,,,"0：禁用
1：启用","0：disable
1：enable",0,,,,"[0,1]",,,,,,,属性,读写,,,,v1.1,energy_saving_cfg.level_2_energy_saving_enabled,bool,,,,,,,,,,TRUE
二级节能空闲时间,Energy Saving Level2 Vacant Time,是,,,,energy_saving_cfg,节能配置,Energy Saving Configuration,,>=1.5,WT303-FLAT-FL,,,,,0x95,,0,2,,,uint16,impl,energy_saving_cfg：0x08,,,,,,720,,1,1440,"[1, 1440]",,,min,,,,属性,读写,,,,v1.1,energy_saving_cfg.level_2_energy_saving_vacant_time,int,,,,,,,,,,TRUE
二级节能目标温度允差,Energy Saving Level2 Target Temp Tolerance,是,,,,energy_saving_cfg,节能配置,Energy Saving Configuration,,>=1.5,WT303-FLAT-FL,,,,,0x95,,0,2,,,uint16,impl,energy_saving_cfg：0x09,,,,,,4,,0.1,5,"[10,500]",2,0.01,℃,,,,属性,读写,,,,v1.1,energy_saving_cfg.level_2_energy_saving_temperature_tolerance,int,,,,,,,,,,TRUE
节能方式,Energy Saving Mode,是,,,,energy_saving_cfg,节能配置,Energy Saving Configuration,,>=1.5,WT303-FLAT-FL,,,,,0x95,,0,1,,,uint8,impl,energy_saving_cfg：0x0A,,,,"0：执行计划
1：调整节能等级","0：Execute Plan
1：Adjust Energy Saving Level",1,,,,"[0,1]",,,,,,,属性,读写,,,,v1.1,energy_saving_cfg.mode,enum,,,,,,,,,,TRUE
屏幕显示配置,Screen Display Configuration,否,,,,screen_display_cfg,屏幕显示配置,Screen Display Configuration,,>=1.5,,,,,,0xA2,,0,0,,,struct,,,,,,,,,,,,,,,,,,,属性,读写,,,,v1.1,screen_display_cfg,struct,,,,,,,,,,TRUE
子命令,Sub-command,否,,,,screen_display_cfg,屏幕显示配置,Screen Display Configuration,,>=1.5,,,,,,0xA2,,0,1,,,uint8,type,energy_saving_cfg,,,,,,0,,,,,,,,,,,属性,读写,,,,v1.1,screen_display_cfg.cmd,enum,,,,,,,,,,TRUE
系统关时屏幕显示数据使能,Enable Screen Display Data When System Is Off,否,,,,screen_display_cfg,屏幕显示配置,Screen Display Configuration,,>=1.5,,,,,,0xA2,,0,1,,,uint8,impl,energy_saving_cfg：0x00,,,,"0：不显示
1：显示","0：disable
1：enable",1,,,,"[0,1]",,,,,,,属性,读写,,,,v1.1,screen_display_cfg.display_data_enable_when_off,bool,,,,,,,,,,TRUE
单边允差使能,Unilateral Tolerance Enable,否,,,,unilatera_tolerance_cfg,单边允差配置,Unilateral Tolerance Configuration,,>=1.5,,,,,,0xA3,,0,1,,,uint8,,,,,,"0：禁用
1：启用","0：disable
1：enable",0,,,,"[0,1]",,,,,,,属性,读写,,,,v1.1,unilatera_tolerance_enable,bool,,,,,,,,,,TRUE
数据主动上报配置,Active Data Reporting Configuration,否,,,,active_data_reporting_cfg,数据主动上报配置,Active Data Reporting Configuration,,>=1.5,,,,,,0xC3,,0,0,,,struct,,,,,,,,,,,,,,,,,,,属性,读写,,,,v1.1,active_data_reporting_cfg,struct,,,,,,,,,,TRUE
子命令,Sub-command,否,,,,active_data_reporting_cfg,数据主动上报配置,Active Data Reporting Configuration,,>=1.5,,,,,,0xC3,,0,1,,,uint8,type,active_data_reporting_cfg,,,,,,0,,,,,,,,,,,属性,读写,,,,v1.1,active_data_reporting_cfg.cmd,enum,,,,,,,,,,TRUE
数据主动上报起始时间,Active Data Reporting Start Time,否,,,,active_data_reporting_cfg,数据主动上报配置,Active Data Reporting Configuration,,>=1.5,,,,,,0xC3,,0,2,,,uint16,impl,active_data_reporting_cfg：0x00,,,,,,240,,0,1439,"[0,1439]",,,,,,,属性,读写,,,,v1.1,active_data_reporting_cfg.start_time,int,,,,,,,,,,TRUE
数据主动上报次数,Active Data Reporting Times,否,,,,active_data_reporting_cfg,数据主动上报配置,Active Data Reporting Configuration,,>=1.5,,,,,,0xC3,,0,1,,,uint8,impl,active_data_reporting_cfg：0x01,,,,,,0,,0,12,"[0,12]",,,,,,,属性,读写,,,,v1.1,active_data_reporting_cfg.times,int,,,,,,,,,,TRUE
数据主动上报模式,Active Data Reporting Mode,否,,,,active_data_reporting_cfg,数据主动上报配置,Active Data Reporting Configuration,,>=1.5,,,,,,0xC3,,0,1,,,uint8,impl,active_data_reporting_cfg：0x02,,,,"0：全关
1：全开
2：自定义","0: Disable All
1: Enable All
2: Custom",0,,,,"[0,2]",,,,,,,属性,读写,,,,v1.1,active_data_reporting_cfg.mode,enum,,,,,,,,,,TRUE
数据主动上报自定义配置,Active Data Reporting Custom Configuration,否,,,,active_data_reporting_cfg,数据主动上报配置,Active Data Reporting Configuration,,>=1.5,,,,,,0xC3,,0,2,,,struct,impl,active_data_reporting_cfg：0x03,,,,,,,,,,,,,,,,,属性,读写,,,,v1.1,active_data_reporting_cfg.custom_cfg,struct,,,,,,,,,,TRUE
数据主动上报自定义指令配置,Active Data Reporting Custom Command Configuration,否,,,,active_data_reporting_cfg,数据主动上报配置,Active Data Reporting Configuration,,>=1.5,,,,,,0xC3,,0,1,,,struct,type(one_of),active_data_reporting_cmd_cfg,,,,,,,,,,,,,,,,,属性,读写,,,,v1.1,active_data_reporting_cfg.custom_cfg.cmd_cfg,struct,,,,,,,,,,TRUE
数据主动上报自定义指令,Active Data Reporting Custom Command,否,,,,active_data_reporting_cfg,数据主动上报配置,Active Data Reporting Configuration,,>=1.5,,,,,,0xC3,,0,1,,,uint8,impl,active_data_reporting_cmd_cfg：0x00,,,,,,,,,,"[96,175]",,,,,,,属性,读写,,,,v1.1,active_data_reporting_cfg.custom_cfg.cmd_cfg.custom,int,,,,,,,,,,TRUE
数据主动上报通用指令,Active Data Reporting Common Command,否,,,,active_data_reporting_cfg,数据主动上报配置,Active Data Reporting Configuration,,>=1.5,,,,,,0xC3,,0,1,,,uint8,impl,active_data_reporting_cmd_cfg：0x01,,,,,,,,,,"[197,200]",,,,,,,属性,读写,,,,v1.1,active_data_reporting_cfg.custom_cfg.cmd_cfg.common,int,,,,,,,,,,TRUE
数据主动上报自定义指令使能,Active Data Reporting Custom Command Enable,否,,,,active_data_reporting_cfg,数据主动上报配置,Active Data Reporting Configuration,,>=1.5,,,,,,0xC3,,1,2,,,uint8,,,,,,"0：禁用
1：启用","0：disable
1：enable",0,,,,"[0,1]",,,,,,,属性,读写,,,,v1.1,active_data_reporting_cfg.custom_cfg.cmd_enable,bool,,,,,,,,,,TRUE
温度控制权限配置,Temperature Control Permission Configuration,是,,,,temperature_control_permission_cfg,温度控制权限配置,Temperature Control Permission Configuration,,>=1.5,,,,,,0xA5,,0,0,,,struct,,,,,,,,,,,,,,,,,,,属性,读写,,,,v1.1,temperature_control_permission_cfg,struct,,,,,,,,,,TRUE
子命令,Sub-command,否,,,,temperature_control_permission_cfg,温度控制权限配置,Temperature Control Permission Configuration,,>=1.5,,,,,,0xA5,,0,1,,,uint8,type,temperature_control_permission_cfg,,,,,,0,,,,,,,,,,,属性,读写,,,,v1.1,temperature_control_permission_cfg.cmd,enum,,,,,,,,,,TRUE
温控权限,Temperature Control Permission,是,,,,temperature_control_permission_cfg,温度控制权限配置,Temperature Control Permission Configuration,,>=1.5,,,,,,0xA5,,0,1,,,uint8,impl,temperature_control_permission_cfg：0x00,,,,"0：恒温器控制
1：远程控制","0: Thermostat Control
1: Remote Control",0,,,,"[0,1]",,,,,,,属性,读写,,,,v1.1,temperature_control_permission_cfg.temp_ctrl_permission,enum,,,,,,,,,,TRUE
调试指令, Debug Commands,否,,,,debug_commands,调试指令,Debug Commands,,>=1.5,,,,,,0xA6,,0,0,,,struct,,,,,,,,,,,,,,,,,,,属性,读写,,,,v1.1,debug_commands,struct,,,,,,,,,,TRUE
子命令,Sub-command,否,,,,debug_commands,调试指令,Debug Commands,,>=1.5,,,,,,0xA6,,0,1,,,uint8,type,debug_commands,,,,,,0,,,,,,,,,,,属性,读写,,,,v1.1,debug_commands.cmd,enum,,,,,,,,,,TRUE
环温使能,Ambient Temperature Debug Enable,否,,,,debug_commands,调试指令,Debug Commands,,>=1.5,,,,,,0xA6,,0,1,,,uint8,impl,debug_commands：0x00,,,,"0：禁用
1：启用","0：disable
1：enable",0,,,,"[0,1]",,,,,,,属性,读写,,,,v1.1,debug_commands.ambition_temp_enable,bool,,,,,,,,,,TRUE
环温调试值,Ambient Temperature Debug Value,否,,,,debug_commands,调试指令,Debug Commands,,>=1.5,,,,,,0xA6,,0,2,,,uint16,impl,debug_commands：0x01,,,,,,,,-20,60,,2,0.01,℃,,,,属性,读写,,,,v1.1,debug_commands.ambition_temp_value,int,,,,,,,,,,TRUE
环湿使能,Ambient Humidity Debug Enable,否,,,,debug_commands,调试指令,Debug Commands,,>=1.5,,,,,,0xA6,,0,1,,,uint8,impl,debug_commands：0x02,,,,"0：禁用
1：启用","0：disable
1：enable",0,,,,"[0,1]",,,,,,,属性,读写,,,,v1.1,debug_commands.ambition_humi_enable,bool,,,,,,,,,,TRUE
环湿调试值,Ambient Humidity Debug Value,否,,,,debug_commands,调试指令,Debug Commands,,>=1.5,,,,,,0xA6,,0,2,,,uint16,impl,debug_commands：0x03,,,,,,,,0,100,,1,0.1,%,,,,属性,读写,,,,v1.1,debug_commands.ambition_humi_value,int,,,,,,,,,,TRUE
查询设备状态,Query Device Status,是,,,,,,,,,,,,,,0xB9,,0,0,,,struct,,,,,,,,,,,,,,,,,,,服务,只写,,异步,,,query_device_status,-,,,,,,,,,,FALSE
时间同步,Time Synchronize,是,,,,,,,,,,,,,,0xB8,,0,0,,,struct,,,,,,,,,,,,,,,,,,,服务,只写,,异步,,,synchronize_time,-,,,,,,,,,,FALSE
时间同步,Time Synchronize,否,,,,,,,,,,用于Toolbox的时间同步按钮，平台上无需使用,,,,0xB7,,0,4,,,struct,,,,,,,,,,,,,,,,,,,服务,只写,,异步,,,set_time,struct,,,,,,,,,1,TRUE
时间戳,Timestamp,否,,,,,,,,,,用于Toolbox的时间同步按钮，平台上无需使用,,,,0xB7,,0,4,,,uint32,,,,,,,,,,,,"[0,4294967295]",,,,,,,参数,只写,,,,,set_time.timestamp,date,,,,,,,,,1,TRUE
清除历史记录,Clear Data,是,,,,,,,,,,,,,,0xBD,,0,0,,,struct,,,,,,,,,,,,,,,,,,,服务,只写,,异步,,,clear_historical_data,-,,,,,,,,,1,TRUE
停止查询回传,Stop Retrieval,是,,,,,,,,,,,,,,0xBC,,0,0,,,struct,,,,,,,,,,,,,,,,,,,服务,只写,,异步,,,stop_historical_data_retrieval,-,,,,,,,,,1,TRUE
回传某个时间段的历史数据,Retrieval(Time Period),是,,,,,,,,,,可能应答的是实际数据,,否,,0xBB,,0,8,,,struct,,,,,,,,,,,,,,,,,,,服务,只写,,异步,,,retrieve_historical_data_by_time_range,struct,,,,,,,,,1,TRUE
起始时间,Start Time,是,,,,,,,,,,,,,,0xBB,,0,4,,,uint32,,,,,,,,,,,,"[0,4294967295]",,,,,,,参数,只写,,,,,retrieve_historical_data_by_time_range.start_time,date,,,,,,,,,1,TRUE
结束时间,End Time,是,,,,,,,,,,,,,,0xBB,,4,8,,,uint32,,,,,,,,,,,,"[0,4294967295]",,,,,,,参数,只写,,,,,retrieve_historical_data_by_time_range.end_time,date,,,,,,,,,1,TRUE
回传某个时间点的历史数据,Retrieval(Time Period),是,,,,,,,,,,可能应答的是实际数据,,否,,0xBA,,0,4,,,struct,,,,,,,,,,,,,,,,,,,服务,只写,,异步,,,retrieve_historical_data_by_time,struct,,,,,,,,,1,TRUE
时间点,Time Point,是,,,,,,,,,,,,,,0xBA,,0,4,,,uint32,,,,,,,,,,,,"[0,4294967295]",,,,,,,参数,只写,,,,,retrieve_historical_data_by_time.time,date,,,,,,,,,1,TRUE
重新连接网络,Network Reconnection,是,,,,,,,,,,,,,,0xB6,,0,0,,,struct,,,,,,,,,,,,,,,,,,,服务,只写,,异步,,,reconnect,-,,,,,,,,,,TRUE
远程控制配置接口开关,Remote Control Configuration Interface Switch,是,,,,,,,,>=1.5,"WT304,
WT304-BK,
WT304-ZH,
WT304-ZG",,,,,0x59,,0,3,,,struct,,,,,,,,,,,,,,,,,,,属性,只写,,,,v1.1,temperature_control_permission_cfg.switch_304,struct,,,,,,,,,,FALSE
远程控制配置接口使能,Remote Control Configuration Interface Enable,是,,,,,,,,>=1.5,"WT304,
WT304-BK,
WT304-ZH,
WT304-ZG",,,,,0x59,,0,1,,,uint8,,,,,,"0：全部禁用
1：Q1接口使能
2：Q2接口使能
3：Q1、Q2接口使能
4：Q3接口使能
5：Q1、Q3接口使能
6：Q2、Q3接口使能
7：Q1、Q2、Q3接口使能
255：全部接口使能","0: Disable All
1: Enable Q1 Interface
2: Enable Q2 Interface
3: Enable Q1 and Q2 Interfaces
4: Enable Q3 Interface
5: Enable Q1 and Q3 Interfaces
6: Enable Q2 and Q3 Interfaces
7: Enable Q1, Q2, and Q3 Interfaces
255: Enable All Interfaces",0,,,,"[0,255]",,,,,,,属性,只写,,,,v1.1,temperature_control_permission_cfg.switch_304.enable,enum,,,,,,,,,,FALSE
远程控制配置AO1占空比,Remote Control Configuration AO1 Duty Cycle,是,,,,,,,,>=1.5,"WT304,
WT304-BK,
WT304-ZH,
WT304-ZG",,,,,0x59,,1,2,,,uint8,,,,,,,,0,,,,"[0,100]",,,,,,,属性,只写,,,,v1.1,temperature_control_permission_cfg.switch_304.ao1_duty_cycle,int,,,,,,,,,,FALSE
远程控制配置AO2占空比,Remote Control Configuration AO2 Duty Cycle,是,,,,,,,,>=1.5,"WT304,
WT304-BK,
WT304-ZH,
WT304-ZG",,,,,0x59,,2,3,,,uint8,,,,,,,,0,,,,"[0,100]",,,,,,,属性,只写,,,,v1.1,temperature_control_permission_cfg.switch_304.ao2_duty_cycle,int,,,,,,,,,,FALSE
远程控制配置接口开关,Remote Control Configuration Interface Switch,是,,,,,,,,>=1.5,"WT303,
WT303-BK,
WT303-FLAT-FL,
WT303-ZH,
WT303-ZG",,,,,0x5A,,0,1,,,uint8,,,,,,"0：全部禁用
1：GL接口使能
2：GM接口使能
3：GL、GM接口使能
4：GH接口使能
5：GL、GH接口使能
6：GM、GH接口使能
7：GL、GM、GH接口使能
8：V1接口使能
9：GL、V1接口使能
10：GM、V1接口使能
11：GL、GM、V1接口使能
12：GH、V1接口使能
13：GL、GH、V1接口使能
14：GM、GH、V1接口使能
15：GL、GM、GH、V1接口使能
16：V2接口使能
17：GL、V2接口使能
18：GM、V2接口使能
19：GL、GM、V2接口使能
20：GH、V2接口使能
21：GL、GH、V2接口使能
22：GM、GH、V2接口使能
23：GL、GM、GH、V2接口使能
24：V1、V2接口使能
25：GL、V1、V2接口使能
26：GM、V1、V2接口使能
27：GL、GM、V1、V2接口使能
28：GH、V1、V2接口使能
29：GL、GH、V1、V2接口使能
30：GM、GH、V1、V2接口使能
31：GL、GM、GH、V1、V2接口使能
255：全部接口使能","0: Disable All
1: Enable GL Interface
2: Enable GM Interface
3: Enable GL and GM Interfaces
4: Enable GH Interface
5: Enable GL and GH Interfaces
6: Enable GM and GH Interfaces
7: Enable GL, GM, and GH Interfaces
8: Enable V1 Interface
9: Enable GL and V1 Interfaces
10: Enable GM and V1 Interfaces
11: Enable GL, GM, and V1 Interfaces
12: Enable GH and V1 Interfaces
13: Enable GL, GH, and V1 Interfaces
14: Enable GM, GH, and V1 Interfaces
15: Enable GL, GM, GH, and V1 Interfaces
16: Enable V2 Interface
17: Enable GL and V2 Interfaces
18: Enable GM and V2 Interfaces
19: Enable GL, GM, and V2 Interfaces
20: Enable GH and V2 Interfaces
21: Enable GL, GH, and V2 Interfaces
22: Enable GM, GH, and V2 Interfaces
23: Enable GL, GM, GH, and V2 Interfaces
24: Enable V1 and V2 Interfaces
25: Enable GL, V1, and V2 Interfaces
26: Enable GM, V1, and V2 Interfaces
27: Enable GL, GM, V1, and V2 Interfaces
28: Enable GH, V1, and V2 Interfaces
29: Enable GL, GH, V1, and V2 Interfaces
30: Enable GM, GH, V1, and V2 Interfaces
31: Enable GL, GM, GH, V1, and V2 Interfaces
255: Enable All Interfaces",0,,,,"[0,255]",,,,,,,属性,只写,,,,v1.1,temperature_control_permission_cfg_303,enum,,,,,,,,,,TRUE
设置外部温度,Temperature Extend Settings,是,,,,,,,,,,,,,,0x5B,,0,2,,,struct,,,,,,,,,,,,,,,,,,,服务,只写,,异步,,,send_temperature,struct,,,,,,,,,,TRUE
外部温度值,Temperature Extend Value,是,,,,,,,,,,,,,,0x5B,,0,2,,,int16,,,,,,,,0,,-20,60,"[-2000,6000]",2,0.01,℃,,,,参数,只写,,,,,send_temperature.temperature,float,,,,,,,,,,TRUE
设置外部湿度,Humidity Extend Settings,是,,,,,,,,,,,,,,0x5C,,0,2,,,struct,,,,,,,,,,,,,,,,,,,服务,只写,,异步,,,send_humidity,struct,,,,,,,,,,TRUE
外部湿度值,Humidity Extend Value,是,,,,,,,,,,,,,,0x5C,,0,2,,,uint16,,,,,,,,0,,0,100,"[0,1000]",1,0.1,%,,,,参数,只写,,,,,send_humidity.humidity,float,,,,,,,,,,TRUE
开窗状态控制, Open Window Status Control,是,,,,,,,,,,,,,,0x5D,,0,1,,,struct,,,,,,,,,,,,,,,,,,,服务,只写,,异步,,,update_open_windows_state,struct,,,,,,,,,,TRUE
开窗状态控制, Open Window Status Control,是,,,,,,,,,,,,,,0x5D,,0,1,,,uint8,,,,,,"0：解除
1：开窗","0：Normal
1：Open",0,,,,"[0,1]",,,,,,,参数,只写,,,,,update_open_windows_state.type,enum,,,,,,,,,,TRUE
温控计划控制,Event Control,是,,,,,,,,,,,,,,0x5E,,0,1,,,struct,,,,,,,,,,,,,,,,,,,服务,只写,,异步,,,insert_schedule,struct,,,,,,,,,,TRUE
温控计划控制,Event Control,是,,,,,,,,,,,,,,0x5E,,0,1,,,uint8,,,,,,"0：计划一
1：计划二
2：计划三
3：计划四
4：计划五
5：计划六
6：计划七
7：计划八","0：Schedule1
1：Schedule2
2：Schedule3
3：Schedule4
4：Schedule5
5：Schedule6
6：Schedule7
7：Schedule8",0,,,,"[0,15]",,,,,,,参数,只写,,,,,insert_schedule.type,enum,,,,,,,,,,TRUE
删除计划列表,Delete Schedule List,是,,,,,,,,,"WT303,
WT303-BK,
WT304,
WT304-BK,
WT303-FLAT-FL",,,,,0x5F,,0,1,,,struct,,,,,,,,,,,,,,,,,,,服务,只写,,异步,,,delete_schedule,struct,,,,,,,,,,TRUE
删除计划,Delete Schedule,是,,,,,,,,,"WT303,
WT303-BK,
WT304,
WT304-BK,
WT303-FLAT-FL",,,,,0x5F,,0,1,,,uint8,,,,,,"0：计划一
1：计划二
2：计划三
3：计划四
4：计划五
5：计划六
6：计划七
7：计划八
255：全部重置","0：Schedule1
1：Schedule2
2：Schedule3
3：Schedule4
4：Schedule5
5：Schedule6
6：Schedule7
7：Schedule8
255：Reset All ",255,,,,"[0,255]",,,,,,,参数,只写,,,,,delete_schedule.type,enum,,,,,,,,,,TRUE
重置,Reset,否,,,,,,,,,,,,,,0xBF,,0,0,,,struct,,,,,,,,,,,,,,,,,,,服务,只写,,异步,,,reset,-,,,,,,,,,,FALSE
重启,Reboot,是,,,,,,,,,,,,,,0xBE,,0,0,,,struct,,,,,,,,,,,,,,,,,,,服务,只写,,异步,,,reboot,-,,,,,,,,,,TRUE